datetime,주오염물질,등급,지수,등급,PM10,등급,PM2.5,등급,오존,등급,이산화질소,등급,일산화탄소,등급,아황산가스
2024-10-31:24,이산화질소,보통,84,보통,42,보통,27,좋음,0.0017,보통,0.0505,좋음,0.89,좋음,0.0017
2024-10-31:23,이산화질소,보통,88,보통,44,보통,29,좋음,0.0011,보통,0.0529,좋음,0.9,좋음,0.0018
2024-10-31:22,이산화질소,보통,94,보통,44,보통,29,좋음,0.0015,보통,0.0561,좋음,1.21,좋음,0.002
2024-10-31:21,이산화질소,보통,102,보통,40,보통,28,좋음,0.0029,나쁨,0.061,좋음,1.24,좋음,0.002
2024-10-31:20,이산화질소,보통,107,보통,35,보통,24,좋음,0.0054,나쁨,0.066,좋음,1.19,좋음,0.002
2024-10-31:19,이산화질소,보통,99,좋음,29,보통,19,좋음,0.0124,보통,0.0593,좋음,0.89,좋음,0.0017
2024-10-31:18,이산화질소,보통,77,좋음,25,보통,17,좋음,0.0246,보통,0.0462,좋음,0.58,좋음,0.0016
2024-10-31:17,오존,좋음,72,좋음,24,좋음,15,보통,0.0561,좋음,0.017,좋음,0.33,좋음,0.0016
2024-10-31:16,오존,좋음,76,좋음,22,좋음,14,보통,0.0609,좋음,0.0133,좋음,0.32,좋음,0.0016
2024-10-31:15,오존,보통,73,좋음,24,보통,16,보통,0.057,좋음,0.0131,좋음,0.33,좋음,0.0016
2024-10-31:14,오존,보통,71,좋음,27,보통,20,보통,0.0547,좋음,0.012,좋음,0.37,좋음,0.0017
2024-10-31:13,PM2.5,보통,69,보통,32,보통,23,보통,0.0502,좋음,0.0123,좋음,0.4,좋음,0.0016
2024-10-31:12,PM2.5,보통,77,보통,37,보통,26,보통,0.0424,좋음,0.0157,좋음,0.45,좋음,0.0018
2024-10-31:11,PM2.5,보통,82,보통,40,보통,28,좋음,0.0279,좋음,0.0219,좋음,0.51,좋음,0.0022
2024-10-31:10,PM2.5,보통,82,보통,40,보통,28,좋음,0.0152,좋음,0.0291,좋음,0.59,좋음,0.0029
2024-10-31:09,PM2.5,보통,79,보통,40,보통,27,좋음,0.0039,보통,0.0377,좋음,0.69,좋음,0.0025
2024-10-31:08,PM2.5,보통,79,보통,40,보통,27,좋음,0.0022,보통,0.0384,좋음,0.6,좋음,0.0024
2024-10-31:07,PM2.5,보통,79,보통,41,보통,27,좋음,0.0082,보통,0.0319,좋음,0.52,좋음,0.0019
2024-10-31:06,PM2.5,보통,79,보통,42,보통,27,좋음,0.0128,좋음,0.0263,좋음,0.52,좋음,0.0018
2024-10-31:05,PM2.5,보통,82,보통,43,보통,28,좋음,0.0164,좋음,0.0234,좋음,0.52,좋음,0.0019
2024-10-31:04,PM2.5,보통,79,보통,41,보통,27,좋음,0.0155,좋음,0.0243,좋음,0.57,좋음,0.0018
2024-10-31:03,PM2.5,보통,77,보통,40,보통,26,좋음,0.0016,보통,0.0371,좋음,0.7,좋음,0.0015
2024-10-31:02,PM2.5,보통,74,보통,38,보통,25,좋음,0.0011,보통,0.0404,좋음,0.81,좋음,0.0016
2024-10-31:01,이산화질소,보통,73,보통,36,보통,24,좋음,0.0013,보통,0.0436,좋음,0.98,좋음,0.0017
2024-10-30:24,PM2.5,보통,69,보통,37,보통,23,좋음,0.0075,보통,0.041,좋음,0.82,좋음,0.0017
2024-10-30:23,PM2.5,보통,69,보통,38,보통,23,좋음,0.0161,보통,0.0353,좋음,0.65,좋음,0.0018
2024-10-30:22,PM2.5,보통,74,보통,39,보통,25,좋음,0.0244,좋음,0.029,좋음,0.63,좋음,0.0017
2024-10-30:21,PM2.5,보통,74,보통,40,보통,25,좋음,0.027,좋음,0.0291,좋음,0.62,좋음,0.0019
2024-10-30:20,PM2.5,보통,74,보통,38,보통,25,좋음,0.0287,보통,0.033,좋음,0.71,좋음,0.0021
2024-10-30:19,PM2.5,보통,64,보통,33,보통,21,보통,0.0369,보통,0.032,좋음,0.65,좋음,0.0023
2024-10-30:18,오존,좋음,66,좋음,27,좋음,15,보통,0.048,좋음,0.0291,좋음,0.53,좋음,0.0023
2024-10-30:17,오존,좋음,72,좋음,22,좋음,12,보통,0.0558,좋음,0.0243,좋음,0.39,좋음,0.0023
2024-10-30:16,오존,좋음,70,좋음,19,좋음,12,보통,0.0539,좋음,0.0192,좋음,0.36,좋음,0.0017
2024-10-30:15,오존,좋음,69,좋음,19,좋음,12,보통,0.0527,좋음,0.0183,좋음,0.36,좋음,0.0017
2024-10-30:14,오존,좋음,68,좋음,22,좋음,14,보통,0.051,좋음,0.0165,좋음,0.39,좋음,0.0016
2024-10-30:13,,좋음,,좋음,24,좋음,15,,,,,,,,
2024-10-30:12,,좋음,,좋음,26,좋음,14,,,,,,,,
2024-10-30:11,오존,좋음,58,좋음,26,좋음,13,보통,0.0386,좋음,0.0156,좋음,0.58,좋음,0.0014
2024-10-30:10,이산화질소,좋음,47,좋음,24,좋음,13,좋음,0.0145,좋음,0.0281,좋음,0.68,좋음,0.0016
2024-10-30:09,이산화질소,좋음,52,좋음,23,좋음,12,좋음,0.003,보통,0.0308,좋음,0.77,좋음,0.0017
2024-10-30:08,이산화질소,좋음,48,좋음,21,좋음,14,좋음,0.0011,좋음,0.0289,좋음,0.78,좋음,0.002
2024-10-30:07,PM2.5,좋음,50,좋음,22,좋음,15,좋음,0.0007,좋음,0.0267,좋음,0.74,좋음,0.0016
2024-10-30:06,PM2.5,좋음,50,좋음,24,좋음,15,좋음,0.0007,좋음,0.0273,좋음,0.73,좋음,0.0015
2024-10-30:05,PM2.5,보통,51,좋음,24,보통,16,좋음,0.0007,좋음,0.0277,좋음,0.81,좋음,0.0015
2024-10-30:04,PM2.5,좋음,50,좋음,23,좋음,15,좋음,0.0007,좋음,0.0289,좋음,0.76,좋음,0.0014
2024-10-30:03,PM2.5,좋음,50,좋음,24,좋음,15,좋음,0.0008,좋음,0.0299,좋음,0.81,좋음,0.0014
2024-10-30:02,이산화질소,좋음,55,좋음,24,좋음,14,좋음,0.0009,보통,0.0327,좋음,0.82,좋음,0.0014
2024-10-30:01,이산화질소,좋음,61,좋음,24,좋음,13,좋음,0.001,보통,0.0362,좋음,0.86,좋음,0.0015
2024-10-29:24,이산화질소,좋음,66,좋음,24,좋음,13,좋음,0.0011,보통,0.039,좋음,0.83,좋음,0.0015
2024-10-29:23,이산화질소,좋음,69,좋음,24,좋음,13,좋음,0.001,보통,0.041,좋음,0.76,좋음,0.0015
2024-10-29:22,이산화질소,좋음,73,좋음,24,좋음,13,좋음,0.0011,보통,0.0433,좋음,0.81,좋음,0.0015
2024-10-29:21,이산화질소,좋음,76,좋음,22,좋음,12,좋음,0.0011,보통,0.0452,좋음,0.7,좋음,0.0014
2024-10-29:20,이산화질소,좋음,72,좋음,20,좋음,10,좋음,0.0041,보통,0.0431,좋음,0.65,좋음,0.0014
2024-10-29:19,이산화질소,좋음,56,좋음,17,좋음,8,좋음,0.015,보통,0.0332,좋음,0.59,좋음,0.0014
2024-10-29:18,오존,좋음,44,좋음,14,좋음,6,좋음,0.0261,좋음,0.0252,좋음,0.48,좋음,0.0014
2024-10-29:17,오존,좋음,58,좋음,12,좋음,4,보통,0.0384,좋음,0.0136,좋음,0.39,좋음,0.0014
2024-10-29:16,오존,좋음,59,좋음,11,좋음,5,보통,0.04,좋음,0.0121,좋음,0.38,좋음,0.0014
2024-10-29:15,오존,좋음,60,좋음,10,좋음,5,보통,0.0408,좋음,0.011,좋음,0.41,좋음,0.0013
2024-10-29:14,오존,좋음,57,좋음,11,좋음,6,보통,0.038,좋음,0.0102,좋음,0.43,좋음,0.0013
2024-10-29:13,오존,좋음,55,좋음,12,좋음,7,보통,0.0354,좋음,0.0089,좋음,0.44,좋음,0.0013
2024-10-29:12,오존,좋음,52,좋음,14,좋음,9,보통,0.0313,좋음,0.0102,좋음,0.46,좋음,0.0014
2024-10-29:11,오존,좋음,36,좋음,14,좋음,9,좋음,0.0214,좋음,0.0171,좋음,0.5,좋음,0.0015
2024-10-29:10,이산화질소,좋음,32,좋음,13,좋음,9,좋음,0.0189,좋음,0.0193,좋음,0.51,좋음,0.0015
2024-10-29:09,이산화질소,좋음,39,좋음,12,좋음,8,좋음,0.0148,좋음,0.0234,좋음,0.53,좋음,0.0015
2024-10-29:08,이산화질소,좋음,34,좋음,11,좋음,8,좋음,0.0176,좋음,0.0202,좋음,0.47,좋음,0.0015
2024-10-29:07,오존,좋음,36,좋음,12,좋음,9,좋음,0.0217,좋음,0.0164,좋음,0.45,좋음,0.0016
2024-10-29:06,오존,좋음,44,좋음,12,좋음,10,좋음,0.0261,좋음,0.0113,좋음,0.45,좋음,0.0014
2024-10-29:05,오존,좋음,49,좋음,13,좋음,11,좋음,0.0292,좋음,0.008,좋음,0.44,좋음,0.0014
2024-10-29:04,오존,좋음,51,좋음,14,좋음,11,보통,0.0303,좋음,0.0074,좋음,0.45,좋음,0.0015
2024-10-29:03,오존,좋음,51,좋음,14,좋음,11,보통,0.0303,좋음,0.0075,좋음,0.45,좋음,0.0015
2024-10-29:02,오존,좋음,51,좋음,14,좋음,11,보통,0.0306,좋음,0.0076,좋음,0.45,좋음,0.0014
2024-10-29:01,오존,좋음,51,좋음,14,좋음,12,보통,0.0307,좋음,0.0075,좋음,0.47,좋음,0.0014
2024-10-28:24,오존,좋음,49,좋음,16,좋음,14,좋음,0.0291,좋음,0.0087,좋음,0.49,좋음,0.0013
2024-10-28:23,PM2.5,보통,54,좋음,21,보통,17,좋음,0.0275,좋음,0.0109,좋음,0.51,좋음,0.0014
2024-10-28:22,PM2.5,보통,64,좋음,25,보통,21,좋음,0.0272,좋음,0.0127,좋음,0.54,좋음,0.0013
2024-10-28:21,PM2.5,보통,72,좋음,30,보통,24,좋음,0.0274,좋음,0.0132,좋음,0.57,좋음,0.0014
2024-10-28:20,PM2.5,보통,77,좋음,30,보통,26,좋음,0.01,좋음,0.0293,좋음,0.7,좋음,0.0015
2024-10-28:19,PM2.5,보통,74,좋음,29,보통,25,좋음,0.012,보통,0.0315,좋음,0.68,좋음,0.0016
2024-10-28:18,PM2.5,보통,69,좋음,28,보통,23,좋음,0.0216,좋음,0.0238,좋음,0.59,좋음,0.0016
2024-10-28:17,PM2.5,보통,66,좋음,27,보통,22,보통,0.0304,좋음,0.0179,좋음,0.51,좋음,0.0017
2024-10-28:16,PM2.5,보통,66,좋음,29,보통,22,보통,0.0332,좋음,0.0166,좋음,0.49,좋음,0.0014
2024-10-28:15,PM2.5,보통,72,보통,32,보통,24,보통,0.0374,좋음,0.0139,좋음,0.52,좋음,0.0014
2024-10-28:14,PM2.5,보통,77,보통,36,보통,26,보통,0.0334,좋음,0.0144,좋음,0.55,좋음,0.0013
2024-10-28:13,PM2.5,보통,82,보통,41,보통,28,보통,0.0308,좋음,0.0144,좋음,0.57,좋음,0.0014
2024-10-28:12,PM2.5,보통,85,보통,45,보통,29,좋음,0.0267,좋음,0.0162,좋음,0.58,좋음,0.0013
2024-10-28:11,PM2.5,보통,85,보통,47,보통,29,좋음,0.0266,좋음,0.0154,좋음,0.58,좋음,0.0013
2024-10-28:10,PM2.5,보통,87,보통,49,보통,30,좋음,0.022,좋음,0.0173,좋음,0.64,좋음,0.0013
2024-10-28:09,PM2.5,보통,87,보통,47,보통,30,좋음,0.019,좋음,0.0187,좋음,0.69,좋음,0.0014
2024-10-28:08,PM2.5,보통,87,보통,46,보통,30,좋음,0.0185,좋음,0.0206,좋음,0.73,좋음,0.0015
2024-10-28:07,PM2.5,보통,87,보통,45,보통,30,좋음,0.0114,좋음,0.0245,좋음,0.75,좋음,0.0015
2024-10-28:06,PM2.5,보통,85,보통,43,보통,29,좋음,0.021,좋음,0.0159,좋음,0.71,좋음,0.0014
2024-10-28:05,PM2.5,보통,82,보통,43,보통,28,좋음,0.0221,좋음,0.0133,좋음,0.69,좋음,0.0014
2024-10-28:04,PM2.5,보통,82,보통,41,보통,28,좋음,0.0177,좋음,0.0155,좋음,0.67,좋음,0.0014
2024-10-28:03,PM2.5,보통,79,보통,40,보통,27,좋음,0.0208,좋음,0.0158,좋음,0.68,좋음,0.0015
2024-10-28:02,PM2.5,보통,79,보통,39,보통,27,좋음,0.0036,좋음,0.0258,좋음,0.78,좋음,0.0015
2024-10-28:01,PM2.5,보통,79,보통,38,보통,27,좋음,0.0091,좋음,0.0232,좋음,0.79,좋음,0.0016
2024-10-27:24,PM2.5,보통,77,보통,39,보통,26,좋음,0.005,좋음,0.026,좋음,0.84,좋음,0.0015
2024-10-27:23,PM2.5,보통,77,보통,40,보통,26,좋음,0.0096,좋음,0.0255,좋음,0.83,좋음,0.0015
2024-10-27:22,PM2.5,보통,77,보통,40,보통,26,좋음,0.0182,좋음,0.0215,좋음,0.82,좋음,0.0017
2024-10-27:21,PM2.5,보통,74,보통,38,보통,25,좋음,0.0246,좋음,0.0178,좋음,0.77,좋음,0.0018
2024-10-27:20,PM2.5,보통,72,보통,35,보통,24,좋음,0.0287,좋음,0.0152,좋음,0.74,좋음,0.0021
2024-10-27:19,PM2.5,보통,61,좋음,30,보통,20,보통,0.0326,좋음,0.0145,좋음,0.72,좋음,0.0024
2024-10-27:18,PM2.5,보통,56,좋음,26,보통,18,보통,0.0366,좋음,0.0137,좋음,0.67,좋음,0.0022
2024-10-27:17,오존,보통,63,좋음,24,보통,16,보통,0.045,좋음,0.0106,좋음,0.6,좋음,0.002
2024-10-27:16,오존,좋음,69,좋음,23,좋음,15,보통,0.0518,좋음,0.0097,좋음,0.5,좋음,0.0019
2024-10-27:15,오존,좋음,70,좋음,21,좋음,14,보통,0.0534,좋음,0.0095,좋음,0.47,좋음,0.0018
2024-10-27:14,오존,좋음,69,좋음,20,좋음,12,보통,0.0517,좋음,0.0096,좋음,0.48,좋음,0.0018
2024-10-27:13,오존,좋음,67,좋음,18,좋음,11,보통,0.0496,좋음,0.0102,좋음,0.51,좋음,0.0024
2024-10-27:12,오존,좋음,61,좋음,16,좋음,11,보통,0.0426,좋음,0.0103,좋음,0.5,좋음,0.0022
2024-10-27:11,오존,좋음,52,좋음,15,좋음,10,보통,0.0313,좋음,0.0115,좋음,0.52,좋음,0.0018
2024-10-27:10,오존,좋음,48,좋음,14,좋음,9,좋음,0.0286,좋음,0.0118,좋음,0.5,좋음,0.0014
2024-10-27:09,오존,좋음,38,좋음,13,좋음,9,좋음,0.0228,좋음,0.0142,좋음,0.47,좋음,0.0014
2024-10-27:08,PM2.5,좋음,30,좋음,14,좋음,9,좋음,0.0176,좋음,0.0153,좋음,0.47,좋음,0.0013
2024-10-27:07,PM2.5,좋음,30,좋음,15,좋음,9,좋음,0.0182,좋음,0.0141,좋음,0.47,좋음,0.0013
2024-10-27:06,오존,좋음,40,좋음,16,좋음,10,좋음,0.0237,좋음,0.0097,좋음,0.46,좋음,0.0013
2024-10-27:05,오존,좋음,48,좋음,17,좋음,12,좋음,0.0288,좋음,0.0066,좋음,0.44,좋음,0.0013
2024-10-27:04,오존,좋음,48,좋음,17,좋음,12,좋음,0.0286,좋음,0.007,좋음,0.45,좋음,0.0012
2024-10-27:03,오존,좋음,42,좋음,18,좋음,12,좋음,0.025,좋음,0.0098,좋음,0.49,좋음,0.0012
2024-10-27:02,오존,좋음,36,좋음,17,좋음,10,좋음,0.0214,좋음,0.012,좋음,0.52,좋음,0.0012
2024-10-27:01,PM2.5,좋음,33,좋음,17,좋음,10,좋음,0.0179,좋음,0.0159,좋음,0.58,좋음,0.0012
2024-10-26:24,오존,좋음,39,좋음,18,좋음,11,좋음,0.0236,좋음,0.0155,좋음,0.53,좋음,0.0012
2024-10-26:23,오존,좋음,47,좋음,20,좋음,12,좋음,0.0282,좋음,0.0133,좋음,0.5,좋음,0.0012
2024-10-26:22,PM2.5,좋음,50,좋음,23,좋음,15,좋음,0.0285,좋음,0.0136,좋음,0.5,좋음,0.0012
2024-10-26:21,PM2.5,좋음,50,좋음,23,좋음,15,좋음,0.0219,좋음,0.0197,좋음,0.55,좋음,0.0012
2024-10-26:20,PM2.5,좋음,43,좋음,22,좋음,13,좋음,0.0202,좋음,0.0228,좋음,0.6,좋음,0.0013
2024-10-26:19,이산화질소,좋음,57,좋음,19,좋음,11,좋음,0.013,보통,0.0336,좋음,0.79,좋음,0.0013
2024-10-26:18,오존,좋음,52,좋음,14,좋음,7,보통,0.0317,좋음,0.0215,좋음,0.56,좋음,0.0013
2024-10-26:17,오존,좋음,65,좋음,12,좋음,5,보통,0.0467,좋음,0.009,좋음,0.38,좋음,0.0013
2024-10-26:16,오존,좋음,63,좋음,11,좋음,6,보통,0.0448,좋음,0.0093,좋음,0.37,좋음,0.0013
2024-10-26:15,오존,좋음,62,좋음,11,좋음,6,보통,0.0439,좋음,0.0086,좋음,0.38,좋음,0.0013
2024-10-26:14,오존,좋음,62,좋음,14,좋음,8,보통,0.0433,좋음,0.0077,좋음,0.41,좋음,0.0013
2024-10-26:13,오존,좋음,60,좋음,17,좋음,10,보통,0.0406,좋음,0.0078,좋음,0.43,좋음,0.0013
2024-10-26:12,오존,좋음,55,좋음,19,좋음,12,보통,0.0348,좋음,0.0098,좋음,0.45,좋음,0.0014
2024-10-26:11,PM2.5,좋음,43,좋음,20,좋음,13,좋음,0.024,좋음,0.0138,좋음,0.48,좋음,0.0015
2024-10-26:10,PM2.5,좋음,43,좋음,20,좋음,13,좋음,0.015,좋음,0.018,좋음,0.52,좋음,0.0015
2024-10-26:09,PM2.5,좋음,43,좋음,19,좋음,13,좋음,0.0063,좋음,0.0256,좋음,0.55,좋음,0.0013
2024-10-26:08,이산화질소,좋음,49,좋음,19,좋음,13,좋음,0.0022,좋음,0.0292,좋음,0.56,좋음,0.0014
2024-10-26:07,이산화질소,좋음,44,좋음,20,좋음,13,좋음,0.0044,좋음,0.0264,좋음,0.51,좋음,0.0012
2024-10-26:06,PM2.5,좋음,50,좋음,22,좋음,15,좋음,0.0058,좋음,0.0257,좋음,0.51,좋음,0.0012
2024-10-26:05,PM2.5,보통,54,좋음,24,보통,17,좋음,0.004,좋음,0.0288,좋음,0.54,좋음,0.0012
2024-10-26:04,이산화질소,보통,55,좋음,25,보통,16,좋음,0.0014,보통,0.0324,좋음,0.56,좋음,0.0013
2024-10-26:03,이산화질소,보통,58,좋음,26,보통,16,좋음,0.0011,보통,0.0341,좋음,0.58,좋음,0.0013
2024-10-26:02,이산화질소,좋음,60,좋음,25,좋음,15,좋음,0.001,보통,0.0355,좋음,0.61,좋음,0.0013
2024-10-26:01,이산화질소,좋음,63,좋음,24,좋음,13,좋음,0.001,보통,0.0372,좋음,0.68,좋음,0.0013
2024-10-25:24,이산화질소,좋음,67,좋음,23,좋음,14,좋음,0.001,보통,0.0398,좋음,0.73,좋음,0.0014
2024-10-25:23,이산화질소,좋음,70,좋음,24,좋음,15,좋음,0.0011,보통,0.0415,좋음,0.74,좋음,0.0014
2024-10-25:22,이산화질소,보통,71,좋음,25,보통,16,좋음,0.0015,보통,0.0425,좋음,0.66,좋음,0.0014
2024-10-25:21,이산화질소,보통,68,좋음,25,보통,16,좋음,0.0046,보통,0.0405,좋음,0.61,좋음,0.0015
2024-10-25:20,이산화질소,좋음,75,좋음,23,좋음,15,좋음,0.0014,보통,0.0446,좋음,0.66,좋음,0.0015
2024-10-25:19,이산화질소,좋음,72,좋음,20,좋음,12,좋음,0.0032,보통,0.0432,좋음,0.65,좋음,0.0015
2024-10-25:18,이산화질소,좋음,59,좋음,16,좋음,9,좋음,0.0133,보통,0.0348,좋음,0.52,좋음,0.0015
2024-10-25:17,오존,좋음,43,좋음,14,좋음,7,좋음,0.0258,좋음,0.0245,좋음,0.39,좋음,0.0015
2024-10-25:16,오존,좋음,54,좋음,13,좋음,7,보통,0.0341,좋음,0.0181,좋음,0.33,좋음,0.0016
2024-10-25:15,오존,좋음,60,좋음,15,좋음,8,보통,0.0406,좋음,0.0133,좋음,0.33,좋음,0.0014
2024-10-25:14,오존,좋음,59,좋음,18,좋음,11,보통,0.04,좋음,0.0128,좋음,0.38,좋음,0.0013
2024-10-25:13,오존,좋음,57,좋음,22,좋음,15,보통,0.0378,좋음,0.013,좋음,0.4,좋음,0.0013
2024-10-25:12,PM2.5,보통,56,좋음,25,보통,18,좋음,0.0293,좋음,0.0159,좋음,0.42,좋음,0.0013
2024-10-25:11,PM2.5,보통,64,좋음,28,보통,21,좋음,0.0219,좋음,0.018,좋음,0.46,좋음,0.0013
2024-10-25:10,PM2.5,보통,66,좋음,28,보통,22,좋음,0.0094,좋음,0.0252,좋음,0.56,좋음,0.0013
2024-10-25:09,PM2.5,보통,66,좋음,29,보통,22,좋음,0.0038,좋음,0.0295,좋음,0.64,좋음,0.0014
2024-10-25:08,PM2.5,보통,69,좋음,30,보통,23,좋음,0.0034,좋음,0.0284,좋음,0.59,좋음,0.0013
2024-10-25:07,PM2.5,보통,72,보통,32,보통,24,좋음,0.0034,좋음,0.0293,좋음,0.58,좋음,0.0013
2024-10-25:06,PM2.5,보통,74,보통,34,보통,25,좋음,0.0074,좋음,0.0268,좋음,0.59,좋음,0.0013
2024-10-25:05,PM2.5,보통,77,보통,36,보통,26,좋음,0.0121,좋음,0.024,좋음,0.59,좋음,0.0013
2024-10-25:04,PM2.5,보통,79,보통,37,보통,27,좋음,0.0153,좋음,0.0214,좋음,0.58,좋음,0.0013
2024-10-25:03,PM2.5,보통,77,보통,38,보통,26,좋음,0.0099,좋음,0.0279,좋음,0.6,좋음,0.0013
2024-10-25:02,PM2.5,보통,74,보통,38,보통,25,좋음,0.0017,보통,0.0374,좋음,0.75,좋음,0.0014
2024-10-25:01,PM2.5,보통,74,보통,39,보통,25,좋음,0.0029,보통,0.04,좋음,0.79,좋음,0.0015
2024-10-24:24,PM2.5,보통,72,보통,39,보통,24,좋음,0.0031,보통,0.0426,좋음,0.78,좋음,0.0015
2024-10-24:23,이산화질소,보통,79,보통,38,보통,23,좋음,0.0012,보통,0.0471,좋음,0.84,좋음,0.0015
2024-10-24:22,이산화질소,보통,81,보통,36,보통,25,좋음,0.0018,보통,0.0487,좋음,0.8,좋음,0.0015
2024-10-24:21,PM2.5,보통,74,보통,35,보통,25,좋음,0.0119,보통,0.039,좋음,0.77,좋음,0.0015
2024-10-24:20,PM2.5,보통,64,보통,31,보통,21,좋음,0.0224,보통,0.0323,좋음,0.72,좋음,0.0014
2024-10-24:19,PM2.5,보통,56,좋음,27,보통,18,보통,0.0303,좋음,0.028,좋음,0.63,좋음,0.0016
2024-10-24:18,오존,좋음,65,좋음,23,좋음,15,보통,0.0474,좋음,0.0167,좋음,0.48,좋음,0.0017
2024-10-24:17,오존,좋음,71,좋음,20,좋음,11,보통,0.0546,좋음,0.0136,좋음,0.44,좋음,0.0016
2024-10-24:16,오존,좋음,73,좋음,18,좋음,11,보통,0.0564,좋음,0.013,좋음,0.43,좋음,0.0018
2024-10-24:15,오존,좋음,70,좋음,18,좋음,12,보통,0.0536,좋음,0.0115,좋음,0.45,좋음,0.0017
2024-10-24:14,오존,좋음,65,좋음,19,좋음,13,보통,0.0473,좋음,0.0127,좋음,0.46,좋음,0.0017
2024-10-24:13,오존,좋음,59,좋음,20,좋음,15,보통,0.0402,좋음,0.0146,좋음,0.46,좋음,0.0017
2024-10-24:12,PM2.5,보통,51,좋음,21,보통,16,좋음,0.0264,좋음,0.0198,좋음,0.49,좋음,0.0014
2024-10-24:11,PM2.5,보통,54,좋음,22,보통,17,좋음,0.0231,좋음,0.021,좋음,0.49,좋음,0.0014
2024-10-24:10,PM2.5,보통,54,좋음,22,보통,17,좋음,0.0166,좋음,0.0253,좋음,0.52,좋음,0.0014
2024-10-24:09,PM2.5,보통,51,좋음,21,보통,16,좋음,0.0065,좋음,0.0296,좋음,0.57,좋음,0.0013
2024-10-24:08,PM2.5,보통,51,좋음,22,보통,16,좋음,0.0027,좋음,0.0289,좋음,0.59,좋음,0.0013
2024-10-24:07,PM2.5,보통,54,좋음,24,보통,17,좋음,0.0014,좋음,0.0294,좋음,0.56,좋음,0.0013
2024-10-24:06,PM2.5,보통,54,좋음,24,보통,17,좋음,0.0011,좋음,0.0255,좋음,0.56,좋음,0.0013
2024-10-24:05,PM2.5,보통,56,좋음,24,보통,18,좋음,0.0039,좋음,0.0231,좋음,0.53,좋음,0.0013
2024-10-24:04,PM2.5,보통,54,좋음,23,보통,17,좋음,0.0107,좋음,0.0209,좋음,0.54,좋음,0.0013
2024-10-24:03,PM2.5,보통,54,좋음,23,보통,17,좋음,0.0103,좋음,0.0229,좋음,0.56,좋음,0.0012
2024-10-24:02,PM2.5,보통,51,좋음,22,보통,16,좋음,0.0207,좋음,0.0163,좋음,0.49,좋음,0.0013
2024-10-24:01,PM2.5,좋음,50,좋음,22,좋음,15,좋음,0.0234,좋음,0.0148,좋음,0.5,좋음,0.0013
2024-10-23:24,PM2.5,좋음,50,좋음,21,좋음,15,좋음,0.0176,좋음,0.0211,좋음,0.54,좋음,0.0014
2024-10-23:23,PM2.5,좋음,43,좋음,21,좋음,13,좋음,0.0197,좋음,0.0214,좋음,0.52,좋음,0.0016
2024-10-23:22,오존,좋음,45,좋음,21,좋음,13,좋음,0.0272,좋음,0.0171,좋음,0.47,좋음,0.0015
2024-10-23:21,오존,좋음,48,좋음,21,좋음,12,좋음,0.0289,좋음,0.0178,좋음,0.49,좋음,0.0013
2024-10-23:20,오존,좋음,47,좋음,19,좋음,12,좋음,0.0284,좋음,0.0181,좋음,0.48,좋음,0.0013
2024-10-23:19,오존,좋음,53,좋음,18,좋음,11,보통,0.0331,좋음,0.0142,좋음,0.46,좋음,0.0014
2024-10-23:18,오존,좋음,58,좋음,16,좋음,10,보통,0.0385,좋음,0.0103,좋음,0.43,좋음,0.0013
2024-10-23:17,오존,좋음,62,좋음,15,좋음,9,보통,0.0432,좋음,0.0069,좋음,0.41,좋음,0.0013
2024-10-23:16,오존,좋음,63,좋음,16,좋음,9,보통,0.0444,좋음,0.0062,좋음,0.4,좋음,0.0013
2024-10-23:15,오존,좋음,63,좋음,17,좋음,9,보통,0.0447,좋음,0.0056,좋음,0.4,좋음,0.0014
2024-10-23:14,오존,좋음,61,좋음,18,좋음,9,보통,0.0429,좋음,0.0062,좋음,0.4,좋음,0.0014
2024-10-23:13,오존,좋음,59,좋음,17,좋음,8,보통,0.0401,좋음,0.0076,좋음,0.4,좋음,0.0016
2024-10-23:12,오존,좋음,59,좋음,15,좋음,8,보통,0.0402,좋음,0.0075,좋음,0.39,좋음,0.0015
2024-10-23:11,오존,좋음,59,좋음,12,좋음,8,보통,0.0397,좋음,0.0073,좋음,0.38,좋음,0.0014
2024-10-23:10,오존,좋음,58,좋음,10,좋음,7,보통,0.0385,좋음,0.0094,좋음,0.37,좋음,0.0014
2024-10-23:09,오존,좋음,55,좋음,10,좋음,7,보통,0.0356,좋음,0.012,좋음,0.4,좋음,0.0015
2024-10-23:08,오존,좋음,55,좋음,11,좋음,6,보통,0.0351,좋음,0.0107,좋음,0.41,좋음,0.0014
2024-10-23:07,오존,좋음,52,좋음,13,좋음,7,보통,0.0317,좋음,0.011,좋음,0.43,좋음,0.0013
2024-10-23:06,오존,좋음,56,좋음,15,좋음,8,보통,0.0361,좋음,0.0055,좋음,0.43,좋음,0.0013
2024-10-23:05,오존,좋음,58,좋음,14,좋음,8,보통,0.0381,좋음,0.0037,좋음,0.44,좋음,0.0014
2024-10-23:04,오존,좋음,55,좋음,12,좋음,8,보통,0.0344,좋음,0.0044,좋음,0.5,좋음,0.0014
2024-10-23:03,오존,좋음,55,좋음,10,좋음,6,보통,0.0348,좋음,0.0047,좋음,0.56,좋음,0.0015
2024-10-23:02,오존,좋음,56,좋음,7,좋음,5,보통,0.0361,좋음,0.0051,좋음,0.66,좋음,0.0015
2024-10-23:01,오존,좋음,58,좋음,6,좋음,5,보통,0.0385,좋음,0.0054,좋음,0.64,좋음,0.0014
2024-10-22:24,오존,좋음,59,좋음,8,좋음,6,보통,0.0393,좋음,0.0053,좋음,0.58,좋음,0.0013
2024-10-22:23,오존,좋음,51,좋음,10,좋음,8,보통,0.0303,좋음,0.0085,좋음,0.53,좋음,0.0013
2024-10-22:22,오존,좋음,31,좋음,11,좋음,9,좋음,0.0183,좋음,0.0158,좋음,0.56,좋음,0.0013
2024-10-22:21,PM2.5,좋음,33,좋음,12,좋음,10,좋음,0.0194,좋음,0.017,좋음,0.57,좋음,0.0015
2024-10-22:20,이산화질소,좋음,43,좋음,11,좋음,9,좋음,0.0076,좋음,0.0255,좋음,0.66,좋음,0.0016
2024-10-22:19,이산화질소,좋음,49,좋음,9,좋음,7,좋음,0.0009,좋음,0.0296,좋음,0.76,좋음,0.0016
2024-10-22:18,이산화질소,좋음,49,좋음,8,좋음,5,좋음,0.0012,좋음,0.0291,좋음,0.71,좋음,0.0014
2024-10-22:17,이산화질소,좋음,47,좋음,7,좋음,4,좋음,0.003,좋음,0.0284,좋음,0.59,좋음,0.0014
2024-10-22:16,이산화질소,좋음,45,좋음,7,좋음,6,좋음,0.0047,좋음,0.027,좋음,0.56,좋음,0.0013
2024-10-22:15,이산화질소,좋음,39,좋음,8,좋음,7,좋음,0.0087,좋음,0.0235,좋음,0.52,좋음,0.0012
2024-10-22:14,이산화질소,좋음,36,좋음,10,좋음,7,좋음,0.011,좋음,0.0218,좋음,0.53,좋음,0.0013
2024-10-22:13,이산화질소,좋음,34,좋음,10,좋음,8,좋음,0.0124,좋음,0.0206,좋음,0.52,좋음,0.0012
2024-10-22:12,,,,좋음,10,,,좋음,0.0062,좋음,0.0246,좋음,0.56,좋음,0.0012
2024-10-22:11,,,,좋음,10,,,좋음,0.0093,좋음,0.0223,좋음,0.54,좋음,0.0014
2024-10-22:10,,,,좋음,10,,,좋음,0.0115,좋음,0.0205,좋음,0.53,좋음,0.0014
2024-10-22:09,이산화질소,좋음,35,좋음,11,좋음,7,좋음,0.0073,좋음,0.0212,좋음,0.54,좋음,0.0013
2024-10-22:08,이산화질소,좋음,37,좋음,12,좋음,7,좋음,0.0015,좋음,0.0224,좋음,0.53,좋음,0.0013
2024-10-22:07,이산화질소,좋음,34,좋음,14,좋음,8,좋음,0.0028,좋음,0.0205,좋음,0.45,좋음,0.0012
2024-10-22:06,PM2.5,좋음,30,좋음,15,좋음,9,좋음,0.0097,좋음,0.0138,좋음,0.42,좋음,0.0012
2024-10-22:05,이산화질소,좋음,34,좋음,17,좋음,10,좋음,0.0039,좋음,0.0201,좋음,0.46,좋음,0.0013
2024-10-22:04,이산화질소,좋음,33,좋음,17,좋음,9,좋음,0.0057,좋음,0.0198,좋음,0.46,좋음,0.0012
2024-10-22:03,PM2.5,좋음,30,좋음,17,좋음,9,좋음,0.0098,좋음,0.016,좋음,0.44,좋음,0.0012
2024-10-22:02,이산화질소,좋음,34,좋음,18,좋음,9,좋음,0.0068,좋음,0.0201,좋음,0.47,좋음,0.0014
2024-10-22:01,이산화질소,좋음,45,좋음,18,좋음,9,좋음,0.0023,좋음,0.0268,좋음,0.51,좋음,0.0014
2024-10-21:24,이산화질소,좋음,47,좋음,20,좋음,10,좋음,0.0025,좋음,0.0282,좋음,0.52,좋음,0.0014
2024-10-21:23,이산화질소,좋음,55,좋음,22,좋음,10,좋음,0.0008,보통,0.0326,좋음,0.58,좋음,0.0014
2024-10-21:22,이산화질소,좋음,57,좋음,24,좋음,11,좋음,0.0013,보통,0.0335,좋음,0.55,좋음,0.0013
2024-10-21:21,이산화질소,좋음,58,좋음,24,좋음,11,좋음,0.0024,보통,0.0341,좋음,0.57,좋음,0.0014
2024-10-21:20,이산화질소,좋음,49,좋음,22,좋음,9,좋음,0.0075,좋음,0.0292,좋음,0.49,좋음,0.0014
2024-10-21:19,이산화질소,좋음,45,좋음,19,좋음,7,좋음,0.0105,좋음,0.0267,좋음,0.47,좋음,0.0013
2024-10-21:18,이산화질소,좋음,41,좋음,15,좋음,5,좋음,0.014,좋음,0.0248,좋음,0.42,좋음,0.0012
2024-10-21:17,오존,좋음,39,좋음,12,좋음,4,좋음,0.0232,좋음,0.0177,좋음,0.35,좋음,0.0013
2024-10-21:16,오존,좋음,53,좋음,12,좋음,4,보통,0.0322,좋음,0.0118,좋음,0.3,좋음,0.0012
2024-10-21:15,오존,좋음,51,좋음,13,좋음,5,보통,0.0307,좋음,0.0116,좋음,0.33,좋음,0.0013
2024-10-21:14,,좋음,,좋음,14,좋음,6,,,,,,,,
2024-10-21:13,오존,좋음,40,좋음,15,좋음,7,좋음,0.0239,좋음,0.0137,좋음,0.39,좋음,0.0013
2024-10-21:12,오존,좋음,37,좋음,15,좋음,8,좋음,0.0222,좋음,0.0139,좋음,0.39,좋음,0.0012
2024-10-21:11,이산화질소,좋음,30,좋음,15,좋음,8,좋음,0.0166,좋음,0.018,좋음,0.43,좋음,0.0011
2024-10-21:10,이산화질소,좋음,36,좋음,14,좋음,7,좋음,0.0125,좋음,0.0213,좋음,0.45,좋음,0.0011
2024-10-21:09,이산화질소,좋음,35,좋음,13,좋음,6,좋음,0.0127,좋음,0.0207,좋음,0.41,좋음,0.0011
2024-10-21:08,이산화질소,좋음,45,좋음,12,좋음,6,좋음,0.0066,좋음,0.0267,좋음,0.4,좋음,0.0011
2024-10-21:07,이산화질소,좋음,38,좋음,12,좋음,6,좋음,0.0101,좋음,0.0229,좋음,0.36,좋음,0.0011
2024-10-21:06,이산화질소,좋음,32,좋음,13,좋음,7,좋음,0.0127,좋음,0.0191,좋음,0.35,좋음,0.0011
2024-10-21:05,오존,좋음,35,좋음,13,좋음,7,좋음,0.0212,좋음,0.0105,좋음,0.33,좋음,0.0011
2024-10-21:04,오존,좋음,37,좋음,13,좋음,7,좋음,0.0221,좋음,0.0084,좋음,0.33,좋음,0.0011
2024-10-21:03,오존,좋음,38,좋음,12,좋음,6,좋음,0.0226,좋음,0.0096,좋음,0.33,좋음,0.0011
2024-10-21:02,오존,좋음,40,좋음,12,좋음,6,좋음,0.0237,좋음,0.0096,좋음,0.34,좋음,0.0012
2024-10-21:01,오존,좋음,50,좋음,12,좋음,6,좋음,0.0297,좋음,0.0054,좋음,0.33,좋음,0.0012
2024-10-20:24,오존,좋음,49,좋음,14,좋음,7,좋음,0.0291,좋음,0.0065,좋음,0.33,좋음,0.0011
2024-10-20:23,오존,좋음,45,좋음,15,좋음,7,좋음,0.0268,좋음,0.0079,좋음,0.35,좋음,0.0015
2024-10-20:22,오존,좋음,38,좋음,16,좋음,9,좋음,0.0229,좋음,0.011,좋음,0.37,좋음,0.0015
2024-10-20:21,오존,좋음,46,좋음,17,좋음,9,좋음,0.0273,좋음,0.0073,좋음,0.37,좋음,0.0012
2024-10-20:20,오존,좋음,47,좋음,16,좋음,9,좋음,0.028,좋음,0.0087,좋음,0.38,좋음,0.0012
2024-10-20:19,오존,좋음,52,좋음,15,좋음,7,보통,0.0312,좋음,0.0081,좋음,0.39,좋음,0.0012
2024-10-20:18,오존,좋음,56,좋음,13,좋음,5,보통,0.0363,좋음,0.0068,좋음,0.33,좋음,0.0012
2024-10-20:17,오존,좋음,60,좋음,10,좋음,4,보통,0.0408,좋음,0.0052,좋음,0.27,좋음,0.0013
2024-10-20:16,오존,좋음,60,좋음,10,좋음,4,보통,0.0417,좋음,0.0046,좋음,0.27,좋음,0.0013
2024-10-20:15,오존,좋음,59,좋음,11,좋음,5,보통,0.0404,좋음,0.0044,좋음,0.3,좋음,0.0014
2024-10-20:14,오존,좋음,58,좋음,11,좋음,6,보통,0.0388,좋음,0.0044,좋음,0.33,좋음,0.0015
2024-10-20:13,오존,좋음,57,좋음,12,좋음,6,보통,0.0377,좋음,0.004,좋음,0.32,좋음,0.0012
2024-10-20:12,오존,좋음,56,좋음,11,좋음,6,보통,0.0363,좋음,0.0037,좋음,0.32,좋음,0.0012
2024-10-20:11,오존,좋음,54,좋음,10,좋음,6,보통,0.034,좋음,0.0045,좋음,0.33,좋음,0.0013
2024-10-20:10,오존,좋음,52,좋음,9,좋음,5,보통,0.0315,좋음,0.005,좋음,0.32,좋음,0.0014
2024-10-20:09,오존,좋음,52,좋음,8,좋음,5,보통,0.0309,좋음,0.0047,좋음,0.32,좋음,0.0013
2024-10-20:08,오존,좋음,51,좋음,7,좋음,4,보통,0.0302,좋음,0.0053,좋음,0.31,좋음,0.0012
2024-10-20:07,오존,좋음,51,좋음,7,좋음,5,보통,0.0304,좋음,0.0053,좋음,0.31,좋음,0.0011
2024-10-20:06,오존,좋음,52,좋음,7,좋음,4,보통,0.0315,좋음,0.0039,좋음,0.31,좋음,0.0012
2024-10-20:05,오존,좋음,53,좋음,7,좋음,4,보통,0.0327,좋음,0.003,좋음,0.31,좋음,0.0012
2024-10-20:04,오존,좋음,53,좋음,7,좋음,4,보통,0.0324,좋음,0.0031,좋음,0.31,좋음,0.0011
2024-10-20:03,오존,좋음,53,좋음,6,좋음,3,보통,0.0331,좋음,0.0029,좋음,0.31,좋음,0.0012
2024-10-20:02,오존,좋음,53,좋음,6,좋음,3,보통,0.0326,좋음,0.0033,좋음,0.32,좋음,0.0012
2024-10-20:01,오존,좋음,53,좋음,6,좋음,3,보통,0.0331,좋음,0.0032,좋음,0.32,좋음,0.0013
2024-10-19:24,오존,좋음,53,좋음,7,좋음,4,보통,0.033,좋음,0.0035,좋음,0.32,좋음,0.0014
2024-10-19:23,오존,좋음,53,좋음,8,좋음,5,보통,0.0328,좋음,0.0043,좋음,0.34,좋음,0.0012
2024-10-19:22,오존,좋음,54,좋음,10,좋음,6,보통,0.0334,좋음,0.0041,좋음,0.34,좋음,0.0012
2024-10-19:21,,,,좋음,10,,,보통,0.0321,좋음,0.0046,좋음,0.35,좋음,0.0013
2024-10-19:20,,,,좋음,11,,,보통,0.0311,좋음,0.0055,좋음,0.36,좋음,0.0014
2024-10-19:19,,,,좋음,10,,,좋음,0.0294,좋음,0.0075,좋음,0.4,좋음,0.0016
2024-10-19:18,,,,좋음,8,,,좋음,0.0282,좋음,0.01,좋음,0.36,좋음,0.0015
2024-10-19:17,오존,좋음,50,좋음,7,좋음,4,좋음,0.03,좋음,0.008,좋음,0.33,좋음,0.0014
2024-10-19:16,오존,좋음,52,좋음,7,좋음,4,보통,0.0309,좋음,0.009,좋음,0.36,좋음,0.0015
2024-10-19:15,오존,좋음,57,좋음,7,좋음,5,보통,0.0372,좋음,0.0072,좋음,0.37,좋음,0.0014
2024-10-19:14,오존,좋음,59,좋음,8,좋음,6,보통,0.0396,좋음,0.0079,좋음,0.39,좋음,0.0014
2024-10-19:13,오존,좋음,62,좋음,9,좋음,6,보통,0.0432,좋음,0.008,좋음,0.43,좋음,0.0015
2024-10-19:12,오존,좋음,61,좋음,10,좋음,7,보통,0.0428,좋음,0.0086,좋음,0.43,좋음,0.0015
2024-10-19:11,오존,좋음,58,좋음,10,좋음,7,보통,0.0386,좋음,0.0092,좋음,0.45,좋음,0.0014
2024-10-19:10,오존,좋음,49,좋음,9,좋음,6,좋음,0.0293,좋음,0.0133,좋음,0.46,좋음,0.0016
2024-10-19:09,오존,좋음,40,좋음,9,좋음,7,좋음,0.0239,좋음,0.0149,좋음,0.46,좋음,0.0014
2024-10-19:08,오존,좋음,48,좋음,9,좋음,6,좋음,0.0288,좋음,0.0091,좋음,0.44,좋음,0.0014
2024-10-19:07,오존,좋음,39,좋음,10,좋음,8,좋음,0.0234,좋음,0.0091,좋음,0.45,좋음,0.0014
2024-10-19:06,오존,좋음,34,좋음,11,좋음,9,좋음,0.0203,좋음,0.0086,좋음,0.45,좋음,0.0014
2024-10-19:05,PM2.5,좋음,33,좋음,11,좋음,10,좋음,0.0169,좋음,0.0104,좋음,0.47,좋음,0.0014
2024-10-19:04,PM2.5,좋음,30,좋음,10,좋음,9,좋음,0.0134,좋음,0.0132,좋음,0.5,좋음,0.0014
2024-10-19:03,PM2.5,좋음,30,좋음,10,좋음,9,좋음,0.0078,좋음,0.0175,좋음,0.53,좋음,0.0014
2024-10-19:02,이산화질소,좋음,37,좋음,10,좋음,8,좋음,0.0043,좋음,0.0219,좋음,0.57,좋음,0.0015
2024-10-19:01,이산화질소,좋음,40,좋음,11,좋음,8,좋음,0.003,좋음,0.0241,좋음,0.59,좋음,0.0014
2024-10-18:24,이산화질소,좋음,41,좋음,12,좋음,9,좋음,0.0032,좋음,0.0244,좋음,0.59,좋음,0.0013
2024-10-18:23,이산화질소,좋음,47,좋음,12,좋음,9,좋음,0.0008,좋음,0.0284,좋음,0.62,좋음,0.0014
2024-10-18:22,이산화질소,좋음,47,좋음,12,좋음,10,좋음,0.0024,좋음,0.0281,좋음,0.6,좋음,0.0013
2024-10-18:21,이산화질소,좋음,52,좋음,12,좋음,9,좋음,0.001,보통,0.0305,좋음,0.64,좋음,0.0014
2024-10-18:20,이산화질소,좋음,54,좋음,10,좋음,7,좋음,0.0006,보통,0.0321,좋음,0.67,좋음,0.0014
2024-10-18:19,이산화질소,좋음,57,좋음,10,좋음,6,좋음,0.0008,보통,0.0335,좋음,0.69,좋음,0.0015
2024-10-18:18,이산화질소,좋음,48,좋음,10,좋음,6,좋음,0.0054,좋음,0.0286,좋음,0.59,좋음,0.0015
2024-10-18:17,이산화질소,좋음,43,좋음,11,좋음,7,좋음,0.009,좋음,0.0256,좋음,0.57,좋음,0.0015
2024-10-18:16,이산화질소,좋음,34,좋음,14,좋음,9,좋음,0.0144,좋음,0.0204,좋음,0.51,좋음,0.0014
2024-10-18:15,PM2.5,좋음,33,좋음,16,좋음,10,좋음,0.0147,좋음,0.0193,좋음,0.51,좋음,0.0014
2024-10-18:14,PM2.5,좋음,40,좋음,19,좋음,12,좋음,0.0122,좋음,0.0227,좋음,0.52,좋음,0.0014
2024-10-18:13,이산화질소,좋음,42,좋음,20,좋음,12,좋음,0.0105,좋음,0.0249,좋음,0.58,좋음,0.0013
2024-10-18:12,이산화질소,좋음,40,좋음,22,좋음,11,좋음,0.0117,좋음,0.0237,좋음,0.53,좋음,0.0015
2024-10-18:11,이산화질소,좋음,42,좋음,22,좋음,11,좋음,0.0111,좋음,0.0249,좋음,0.53,좋음,0.0016
2024-10-18:10,PM2.5,좋음,37,좋음,21,좋음,11,좋음,0.0173,좋음,0.0212,좋음,0.52,좋음,0.0018
2024-10-18:09,PM2.5,좋음,40,좋음,23,좋음,12,좋음,0.0151,좋음,0.0225,좋음,0.5,좋음,0.0016
2024-10-18:08,PM2.5,좋음,47,좋음,24,좋음,14,좋음,0.0164,좋음,0.0208,좋음,0.48,좋음,0.0015
2024-10-18:07,PM2.5,보통,51,좋음,26,보통,16,좋음,0.0184,좋음,0.0173,좋음,0.45,좋음,0.0014
2024-10-18:06,PM2.5,보통,54,좋음,27,보통,17,좋음,0.0201,좋음,0.0142,좋음,0.45,좋음,0.0013
2024-10-18:05,PM2.5,보통,56,좋음,28,보통,18,좋음,0.0212,좋음,0.0125,좋음,0.44,좋음,0.0014
2024-10-18:04,PM2.5,보통,59,좋음,29,보통,19,좋음,0.0204,좋음,0.012,좋음,0.45,좋음,0.0014
2024-10-18:03,PM2.5,보통,59,좋음,29,보통,19,좋음,0.021,좋음,0.0124,좋음,0.45,좋음,0.0013
2024-10-18:02,PM2.5,보통,59,좋음,30,보통,19,좋음,0.0232,좋음,0.0115,좋음,0.45,좋음,0.0013
2024-10-18:01,PM2.5,보통,61,보통,31,보통,20,좋음,0.0194,좋음,0.0161,좋음,0.5,좋음,0.0014
2024-10-17:24,PM2.5,보통,61,보통,33,보통,20,좋음,0.0114,좋음,0.0263,좋음,0.58,좋음,0.0015
2024-10-17:23,PM2.5,보통,64,보통,35,보통,21,좋음,0.0126,좋음,0.0279,좋음,0.6,좋음,0.0015
2024-10-17:22,PM2.5,보통,66,보통,36,보통,22,좋음,0.0199,좋음,0.0237,좋음,0.48,좋음,0.0015
2024-10-17:21,PM2.5,보통,64,보통,36,보통,21,좋음,0.0096,보통,0.0382,좋음,0.59,좋음,0.0016
2024-10-17:20,이산화질소,보통,78,보통,33,보통,19,좋음,0.0055,보통,0.0464,좋음,0.65,좋음,0.0018
2024-10-17:19,이산화질소,보통,68,좋음,30,보통,17,좋음,0.0142,보통,0.0406,좋음,0.62,좋음,0.0016
2024-10-17:18,오존,보통,52,좋음,28,보통,16,보통,0.0318,좋음,0.0262,좋음,0.46,좋음,0.0016
2024-10-17:17,오존,좋음,63,좋음,28,좋음,15,보통,0.0445,좋음,0.018,좋음,0.37,좋음,0.0015
2024-10-17:16,오존,보통,64,좋음,28,보통,16,보통,0.0462,좋음,0.0164,좋음,0.36,좋음,0.0015
2024-10-17:15,오존,보통,65,좋음,29,보통,17,보통,0.0471,좋음,0.0148,좋음,0.39,좋음,0.0015
2024-10-17:14,오존,보통,63,좋음,30,보통,17,보통,0.0451,좋음,0.0119,좋음,0.44,좋음,0.0014
2024-10-17:13,PM2.5,보통,59,좋음,30,보통,19,보통,0.0379,좋음,0.0122,좋음,0.46,좋음,0.0014
2024-10-17:12,PM2.5,보통,59,좋음,29,보통,19,보통,0.0305,좋음,0.014,좋음,0.47,좋음,0.0016
2024-10-17:11,PM2.5,보통,61,좋음,29,보통,20,좋음,0.0217,좋음,0.017,좋음,0.5,좋음,0.0018
2024-10-17:10,PM2.5,보통,61,좋음,29,보통,20,좋음,0.0108,좋음,0.0252,좋음,0.59,좋음,0.0017
2024-10-17:09,PM2.5,보통,64,좋음,30,보통,21,좋음,0.0051,보통,0.0304,좋음,0.62,좋음,0.0015
2024-10-17:08,PM2.5,보통,72,보통,32,보통,24,좋음,0.0025,보통,0.0336,좋음,0.62,좋음,0.0015
2024-10-17:07,PM2.5,보통,77,보통,35,보통,26,좋음,0.0013,보통,0.0352,좋음,0.59,좋음,0.0017
2024-10-17:06,PM2.5,보통,79,보통,38,보통,27,좋음,0.0026,보통,0.0331,좋음,0.58,좋음,0.0017
2024-10-17:05,PM2.5,보통,82,보통,39,보통,28,좋음,0.0105,좋음,0.0279,좋음,0.56,좋음,0.0014
2024-10-17:04,PM2.5,보통,79,보통,38,보통,27,좋음,0.0032,보통,0.0356,좋음,0.64,좋음,0.0013
2024-10-17:03,PM2.5,보통,79,보통,37,보통,27,좋음,0.0014,보통,0.0398,좋음,0.68,좋음,0.0015
2024-10-17:02,PM2.5,보통,79,보통,37,보통,27,좋음,0.0013,보통,0.0401,좋음,0.7,좋음,0.0015
2024-10-17:01,PM2.5,보통,79,보통,37,보통,27,좋음,0.001,보통,0.0419,좋음,0.72,좋음,0.0014
2024-10-16:24,PM2.5,보통,82,보통,42,보통,28,좋음,0.0016,보통,0.0459,좋음,0.73,좋음,0.0015
2024-10-16:23,PM2.5,보통,90,보통,48,보통,31,좋음,0.0009,보통,0.0506,좋음,0.87,좋음,0.0017
2024-10-16:22,이산화질소,보통,95,보통,50,보통,32,좋음,0.0011,보통,0.0571,좋음,0.89,좋음,0.0018
2024-10-16:21,이산화질소,보통,102,보통,49,보통,32,좋음,0.0022,나쁨,0.0615,좋음,0.92,좋음,0.0017
2024-10-16:20,이산화질소,보통,90,보통,43,보통,29,좋음,0.026,보통,0.0542,좋음,0.76,좋음,0.0018
2024-10-16:19,이산화질소,보통,73,보통,35,보통,24,보통,0.0429,보통,0.0436,좋음,0.69,좋음,0.0017
2024-10-16:18,오존,보통,70,좋음,30,보통,22,보통,0.0532,좋음,0.029,좋음,0.54,좋음,0.0016
2024-10-16:17,오존,보통,78,좋음,29,보통,21,보통,0.0627,좋음,0.019,좋음,0.42,좋음,0.0015
2024-10-16:16,오존,보통,80,좋음,30,보통,21,보통,0.0657,좋음,0.0168,좋음,0.4,좋음,0.0015
2024-10-16:15,오존,보통,73,보통,31,보통,21,보통,0.0575,좋음,0.0177,좋음,0.46,좋음,0.0015
2024-10-16:14,오존,보통,66,보통,32,보통,21,보통,0.0485,좋음,0.0166,좋음,0.47,좋음,0.0013
2024-10-16:13,PM2.5,보통,64,보통,31,보통,21,보통,0.042,좋음,0.0146,좋음,0.5,좋음,0.0014
2024-10-16:12,PM2.5,보통,61,좋음,29,보통,20,보통,0.0377,좋음,0.0132,좋음,0.51,좋음,0.0013
2024-10-16:11,PM2.5,보통,56,좋음,27,보통,18,좋음,0.0282,좋음,0.0164,좋음,0.57,좋음,0.0013
2024-10-16:10,PM2.5,보통,54,좋음,25,보통,17,좋음,0.0156,좋음,0.0211,좋음,0.62,좋음,0.0014
2024-10-16:09,PM2.5,보통,51,좋음,24,보통,16,좋음,0.0089,좋음,0.0257,좋음,0.65,좋음,0.0014
2024-10-16:08,PM2.5,보통,51,좋음,24,보통,16,좋음,0.0038,좋음,0.0296,좋음,0.62,좋음,0.0014
2024-10-16:07,PM2.5,보통,54,좋음,24,보통,17,좋음,0.0007,좋음,0.0216,좋음,0.77,좋음,0.0017
2024-10-16:06,PM2.5,보통,59,좋음,26,보통,19,좋음,0.0005,좋음,0.019,좋음,0.77,좋음,0.0016
2024-10-16:05,PM2.5,보통,61,좋음,28,보통,20,좋음,0.0005,좋음,0.0205,좋음,0.73,좋음,0.0016
2024-10-16:04,PM2.5,보통,64,좋음,29,보통,21,좋음,0.0005,좋음,0.0187,좋음,0.79,좋음,0.0017
2024-10-16:03,PM2.5,보통,64,좋음,30,보통,21,좋음,0.0006,좋음,0.0202,좋음,0.84,좋음,0.0018
2024-10-16:02,PM2.5,보통,64,좋음,29,보통,21,좋음,0.0006,좋음,0.0226,좋음,0.87,좋음,0.0018
2024-10-16:01,PM2.5,보통,61,좋음,27,보통,20,좋음,0.0006,좋음,0.0273,좋음,0.88,좋음,0.0018
2024-10-15:24,PM2.5,보통,56,좋음,26,보통,18,좋음,0.0008,보통,0.0313,좋음,0.9,좋음,0.0018
2024-10-15:23,이산화질소,보통,59,좋음,24,보통,17,좋음,0.0009,보통,0.0349,좋음,0.83,좋음,0.0018
2024-10-15:22,이산화질소,좋음,60,좋음,23,좋음,15,좋음,0.001,보통,0.0357,좋음,0.8,좋음,0.0018
2024-10-15:21,이산화질소,좋음,63,좋음,21,좋음,13,좋음,0.0035,보통,0.0374,좋음,0.72,좋음,0.002
2024-10-15:20,이산화질소,좋음,49,좋음,23,좋음,11,좋음,0.0149,좋음,0.0295,좋음,0.6,좋음,0.0023
2024-10-15:19,오존,좋음,45,좋음,23,좋음,10,좋음,0.0268,좋음,0.0225,좋음,0.49,좋음,0.0019
2024-10-15:18,,,,,,,,좋음,0.0178,좋음,0.0281,좋음,0.45,좋음,0.0014
2024-10-15:17,,,,,,,,좋음,0.023,좋음,0.0248,좋음,0.43,좋음,0.0014
2024-10-15:16,,,,,,,,,,,,,,,
2024-10-15:15,,좋음,,좋음,13,좋음,9,,,,,,,,
2024-10-15:14,오존,좋음,36,좋음,14,좋음,10,좋음,0.0218,좋음,0.0212,좋음,0.6,좋음,0.0014
2024-10-15:13,이산화질소,좋음,39,좋음,15,좋음,11,좋음,0.0149,좋음,0.0232,좋음,0.66,좋음,0.0014
2024-10-15:12,PM2.5,좋음,40,좋음,15,좋음,12,좋음,0.0086,좋음,0.0235,좋음,0.67,좋음,0.0014
2024-10-15:11,PM2.5,좋음,40,좋음,15,좋음,12,좋음,0.0057,좋음,0.0236,좋음,0.7,좋음,0.0014
2024-10-15:10,이산화질소,좋음,40,좋음,14,좋음,11,좋음,0.0046,좋음,0.0241,좋음,0.69,좋음,0.0014
2024-10-15:09,이산화질소,좋음,40,좋음,13,좋음,11,좋음,0.0043,좋음,0.0241,좋음,0.7,좋음,0.0014
2024-10-15:08,PM2.5,좋음,37,좋음,14,좋음,11,좋음,0.006,좋음,0.022,좋음,0.65,좋음,0.0013
2024-10-15:07,PM2.5,좋음,37,좋음,15,좋음,11,좋음,0.0074,좋음,0.0201,좋음,0.63,좋음,0.0014
2024-10-15:06,PM2.5,좋음,40,좋음,16,좋음,12,좋음,0.0107,좋음,0.0167,좋음,0.61,좋음,0.0013
2024-10-15:05,PM2.5,좋음,43,좋음,17,좋음,13,좋음,0.0135,좋음,0.0139,좋음,0.59,좋음,0.0013
2024-10-15:04,PM2.5,좋음,40,좋음,18,좋음,12,좋음,0.0146,좋음,0.0132,좋음,0.58,좋음,0.0013
2024-10-15:03,PM2.5,좋음,40,좋음,18,좋음,12,좋음,0.014,좋음,0.0133,좋음,0.58,좋음,0.0013
2024-10-15:02,PM2.5,좋음,40,좋음,18,좋음,12,좋음,0.0132,좋음,0.0151,좋음,0.58,좋음,0.0013
2024-10-15:01,PM2.5,좋음,40,좋음,18,좋음,12,좋음,0.014,좋음,0.0169,좋음,0.58,좋음,0.0013
2024-10-14:24,PM2.5,좋음,40,좋음,18,좋음,12,좋음,0.016,좋음,0.0171,좋음,0.56,좋음,0.0013
2024-10-14:23,PM2.5,좋음,37,좋음,18,좋음,11,좋음,0.0188,좋음,0.0167,좋음,0.52,좋음,0.0013
2024-10-14:22,PM2.5,좋음,37,좋음,19,좋음,11,좋음,0.0211,좋음,0.0178,좋음,0.49,좋음,0.0013
2024-10-14:21,PM2.5,좋음,37,좋음,19,좋음,11,좋음,0.0203,좋음,0.02,좋음,0.51,좋음,0.0014
2024-10-14:20,이산화질소,좋음,37,좋음,18,좋음,9,좋음,0.0185,좋음,0.022,좋음,0.53,좋음,0.0013
2024-10-14:19,이산화질소,좋음,43,좋음,17,좋음,8,좋음,0.0174,좋음,0.026,좋음,0.56,좋음,0.0014
2024-10-14:18,이산화질소,좋음,41,좋음,15,좋음,7,좋음,0.0199,좋음,0.0247,좋음,0.5,좋음,0.0013
2024-10-14:17,이산화질소,좋음,39,좋음,13,좋음,6,좋음,0.0206,좋음,0.0234,좋음,0.48,좋음,0.0013
2024-10-14:16,오존,좋음,52,좋음,11,좋음,6,보통,0.0313,좋음,0.0192,좋음,0.44,좋음,0.0013
2024-10-14:15,오존,좋음,61,좋음,11,좋음,6,보통,0.0426,좋음,0.0133,좋음,0.42,좋음,0.0013
2024-10-14:14,오존,좋음,55,좋음,12,좋음,6,보통,0.0352,좋음,0.0138,좋음,0.45,좋음,0.0013
2024-10-14:13,오존,좋음,55,좋음,12,좋음,6,보통,0.0346,좋음,0.0151,좋음,0.46,좋음,0.0014
2024-10-14:12,오존,좋음,55,좋음,13,좋음,6,보통,0.0353,좋음,0.0147,좋음,0.48,좋음,0.0014
2024-10-14:11,오존,좋음,51,좋음,14,좋음,8,보통,0.0304,좋음,0.0177,좋음,0.52,좋음,0.0014
2024-10-14:10,이산화질소,좋음,43,좋음,14,좋음,9,좋음,0.0206,좋음,0.0258,좋음,0.57,좋음,0.0016
2024-10-14:09,이산화질소,좋음,45,좋음,16,좋음,11,좋음,0.0182,좋음,0.027,좋음,0.58,좋음,0.0017
2024-10-14:08,PM2.5,좋음,40,좋음,17,좋음,12,좋음,0.0193,좋음,0.0242,좋음,0.55,좋음,0.0016
2024-10-14:07,이산화질소,좋음,53,좋음,18,좋음,13,좋음,0.0105,보통,0.0315,좋음,0.57,좋음,0.0016
2024-10-14:06,PM2.5,좋음,47,좋음,19,좋음,14,좋음,0.0235,좋음,0.0172,좋음,0.55,좋음,0.0015
2024-10-14:05,PM2.5,좋음,50,좋음,21,좋음,15,좋음,0.027,좋음,0.0132,좋음,0.54,좋음,0.0014
2024-10-14:04,오존,좋음,51,좋음,21,좋음,15,보통,0.0303,좋음,0.0105,좋음,0.54,좋음,0.0014
2024-10-14:03,PM2.5,보통,54,좋음,22,보통,17,보통,0.031,좋음,0.0105,좋음,0.53,좋음,0.0014
2024-10-14:02,PM2.5,보통,56,좋음,24,보통,18,좋음,0.03,좋음,0.0107,좋음,0.56,좋음,0.0014
2024-10-14:01,PM2.5,보통,59,좋음,26,보통,19,좋음,0.0261,좋음,0.0138,좋음,0.59,좋음,0.0013
2024-10-13:24,PM2.5,보통,66,좋음,28,보통,22,좋음,0.0241,좋음,0.016,좋음,0.61,좋음,0.0015
2024-10-13:23,PM2.5,보통,69,좋음,30,보통,23,좋음,0.0221,좋음,0.0191,좋음,0.62,좋음,0.0016
2024-10-13:22,PM2.5,보통,69,보통,31,보통,23,좋음,0.0253,좋음,0.0191,좋음,0.6,좋음,0.0017
2024-10-13:21,PM2.5,보통,69,좋음,30,보통,23,좋음,0.0254,좋음,0.0211,좋음,0.63,좋음,0.0019
2024-10-13:20,PM2.5,보통,66,좋음,28,보통,22,좋음,0.0265,좋음,0.0224,좋음,0.64,좋음,0.0018
2024-10-13:19,PM2.5,보통,61,좋음,26,보통,20,보통,0.0325,좋음,0.0191,좋음,0.61,좋음,0.0016
2024-10-13:18,오존,보통,57,좋음,23,보통,18,보통,0.038,좋음,0.0163,좋음,0.56,좋음,0.0015
2024-10-13:17,오존,보통,62,좋음,22,보통,18,보통,0.0439,좋음,0.013,좋음,0.53,좋음,0.0016
2024-10-13:16,오존,보통,68,좋음,22,보통,18,보통,0.0503,좋음,0.0105,좋음,0.51,좋음,0.0016
2024-10-13:15,오존,보통,70,좋음,23,보통,18,보통,0.0535,좋음,0.0099,좋음,0.49,좋음,0.0013
2024-10-13:14,오존,보통,69,좋음,25,보통,20,보통,0.0526,좋음,0.0102,좋음,0.51,좋음,0.0014
2024-10-13:13,오존,보통,67,좋음,27,보통,22,보통,0.0498,좋음,0.0101,좋음,0.55,좋음,0.0014
2024-10-13:12,PM2.5,보통,64,좋음,29,보통,21,보통,0.0452,좋음,0.0105,좋음,0.56,좋음,0.0013
2024-10-13:11,PM2.5,보통,66,좋음,30,보통,22,보통,0.0405,좋음,0.0105,좋음,0.58,좋음,0.0013
2024-10-13:10,PM2.5,보통,66,보통,31,보통,22,보통,0.0322,좋음,0.0122,좋음,0.6,좋음,0.0013
2024-10-13:09,PM2.5,보통,66,보통,31,보통,22,좋음,0.0266,좋음,0.015,좋음,0.61,좋음,0.0013
2024-10-13:08,PM2.5,보통,69,보통,33,보통,23,좋음,0.0206,좋음,0.0199,좋음,0.63,좋음,0.0012
2024-10-13:07,PM2.5,보통,72,보통,33,보통,24,좋음,0.0237,좋음,0.0173,좋음,0.62,좋음,0.0012
2024-10-13:06,PM2.5,보통,72,보통,33,보통,24,좋음,0.0209,좋음,0.0193,좋음,0.65,좋음,0.0013
2024-10-13:05,PM2.5,보통,72,보통,33,보통,24,좋음,0.0148,좋음,0.0241,좋음,0.69,좋음,0.0013
2024-10-13:04,PM2.5,보통,66,보통,34,보통,22,좋음,0.0104,좋음,0.0296,좋음,0.72,좋음,0.0013
2024-10-13:03,PM2.5,보통,66,보통,33,보통,22,좋음,0.0088,보통,0.0335,좋음,0.74,좋음,0.0014
2024-10-13:02,이산화질소,보통,70,보통,33,보통,21,좋음,0.003,보통,0.0418,좋음,0.78,좋음,0.0014
2024-10-13:01,이산화질소,보통,70,보통,33,보통,20,좋음,0.005,보통,0.0416,좋음,0.81,좋음,0.0015
2024-10-12:24,이산화질소,보통,75,보통,31,보통,21,좋음,0.0049,보통,0.0448,좋음,0.82,좋음,0.0016
2024-10-12:23,이산화질소,보통,80,좋음,29,보통,19,좋음,0.0022,보통,0.048,좋음,0.9,좋음,0.0016
2024-10-12:22,이산화질소,보통,72,좋음,28,보통,18,좋음,0.0094,보통,0.0431,좋음,0.83,좋음,0.0016
2024-10-12:21,PM2.5,보통,54,좋음,27,보통,17,좋음,0.03,좋음,0.0294,좋음,0.64,좋음,0.0019
2024-10-12:20,오존,보통,60,좋음,26,보통,16,보통,0.0407,좋음,0.0234,좋음,0.52,좋음,0.0018
2024-10-12:19,오존,좋음,66,좋음,24,좋음,15,보통,0.048,좋음,0.0229,좋음,0.49,좋음,0.0019
2024-10-12:18,오존,좋음,77,좋음,24,좋음,15,보통,0.0614,좋음,0.0162,좋음,0.45,좋음,0.0019
2024-10-12:17,오존,좋음,83,좋음,22,좋음,14,보통,0.0687,좋음,0.0157,좋음,0.44,좋음,0.0019
2024-10-12:16,오존,보통,94,좋음,24,보통,16,보통,0.0821,좋음,0.0145,좋음,0.4,좋음,0.002
2024-10-12:15,오존,보통,95,좋음,29,보통,20,보통,0.0833,좋음,0.0148,좋음,0.44,좋음,0.0022
2024-10-12:14,오존,보통,88,보통,36,보통,24,보통,0.0748,좋음,0.0145,좋음,0.5,좋음,0.0019
2024-10-12:13,PM2.5,보통,85,보통,44,보통,29,보통,0.0697,좋음,0.0147,좋음,0.53,좋음,0.0017
2024-10-12:12,PM2.5,보통,90,보통,47,보통,31,보통,0.0643,좋음,0.0162,좋음,0.59,좋음,0.0017
2024-10-12:11,PM2.5,보통,90,보통,47,보통,31,보통,0.0523,좋음,0.0204,좋음,0.67,좋음,0.0017
2024-10-12:10,PM2.5,보통,90,보통,45,보통,31,보통,0.0318,좋음,0.0269,좋음,0.74,좋음,0.0015
2024-10-12:09,PM2.5,보통,87,보통,43,보통,30,좋음,0.0114,보통,0.0345,좋음,0.79,좋음,0.0016
2024-10-12:08,PM2.5,보통,92,보통,44,보통,32,좋음,0.0028,보통,0.0372,좋음,0.83,좋음,0.0014
2024-10-12:07,PM2.5,보통,95,보통,46,보통,33,좋음,0.0014,보통,0.0381,좋음,0.79,좋음,0.0013
2024-10-12:06,PM2.5,보통,95,보통,48,보통,33,좋음,0.0011,보통,0.0388,좋음,0.82,좋음,0.0014
2024-10-12:05,PM2.5,보통,97,보통,49,보통,34,좋음,0.0008,보통,0.0409,좋음,0.85,좋음,0.0014
2024-10-12:04,PM2.5,보통,97,보통,49,보통,34,좋음,0.001,보통,0.0444,좋음,0.89,좋음,0.0014
2024-10-12:03,PM2.5,보통,95,보통,48,보통,33,좋음,0.001,보통,0.0473,좋음,0.98,좋음,0.0014
2024-10-12:02,PM2.5,보통,90,보통,47,보통,31,좋음,0.0011,보통,0.0511,좋음,1,좋음,0.0014
2024-10-12:01,이산화질소,보통,92,보통,47,보통,30,좋음,0.0017,보통,0.0551,좋음,0.96,좋음,0.0015
2024-10-11:24,이산화질소,보통,89,보통,49,보통,30,좋음,0.0085,보통,0.053,좋음,0.93,좋음,0.0015
2024-10-11:23,PM2.5,보통,90,보통,49,보통,31,좋음,0.0281,보통,0.039,좋음,0.81,좋음,0.0017
2024-10-11:22,PM2.5,보통,87,보통,47,보통,30,보통,0.0425,보통,0.0321,좋음,0.72,좋음,0.0019
2024-10-11:21,PM2.5,보통,82,보통,43,보통,28,보통,0.051,보통,0.0303,좋음,0.67,좋음,0.0023
2024-10-11:20,PM2.5,보통,79,보통,38,보통,27,보통,0.0615,좋음,0.0286,좋음,0.63,좋음,0.0022
2024-10-11:19,오존,보통,86,보통,34,보통,25,보통,0.0731,좋음,0.0209,좋음,0.64,좋음,0.0027
2024-10-11:18,오존,보통,89,좋음,30,보통,23,보통,0.0768,좋음,0.0179,좋음,0.55,좋음,0.0024
2024-10-11:17,오존,보통,93,좋음,28,보통,23,보통,0.0818,좋음,0.0171,좋음,0.52,좋음,0.002
2024-10-11:16,오존,보통,99,좋음,28,보통,22,보통,0.0888,좋음,0.0157,좋음,0.5,좋음,0.0016
2024-10-11:15,오존,보통,93,좋음,29,보통,22,보통,0.0814,좋음,0.0142,좋음,0.49,좋음,0.0016
2024-10-11:14,오존,보통,86,보통,31,보통,23,보통,0.0733,좋음,0.0136,좋음,0.52,좋음,0.0015
2024-10-11:13,오존,보통,75,보통,31,보통,23,보통,0.0595,좋음,0.0173,좋음,0.56,좋음,0.0015
2024-10-11:12,PM2.5,보통,69,보통,31,보통,23,보통,0.0347,좋음,0.023,좋음,0.59,좋음,0.0015
2024-10-11:11,PM2.5,보통,66,좋음,30,보통,22,좋음,0.0182,좋음,0.024,좋음,0.62,좋음,0.0014
2024-10-11:10,PM2.5,보통,66,좋음,30,보통,22,좋음,0.0121,좋음,0.022,좋음,0.6,좋음,0.0014
2024-10-11:09,PM2.5,보통,66,좋음,30,보통,22,좋음,0.0066,좋음,0.023,좋음,0.6,좋음,0.0014
2024-10-11:08,PM2.5,보통,69,보통,31,보통,23,좋음,0.0036,좋음,0.0264,좋음,0.62,좋음,0.0014
2024-10-11:07,PM2.5,보통,69,보통,31,보통,23,좋음,0.0007,좋음,0.0286,좋음,0.64,좋음,0.0014
2024-10-11:06,PM2.5,보통,72,보통,32,보통,24,좋음,0.0006,좋음,0.0292,좋음,0.64,좋음,0.0014
2024-10-11:05,PM2.5,보통,72,보통,32,보통,24,좋음,0.0007,보통,0.0316,좋음,0.66,좋음,0.0014
2024-10-11:04,PM2.5,보통,72,보통,31,보통,24,좋음,0.001,보통,0.0341,좋음,0.69,좋음,0.0014
2024-10-11:03,PM2.5,보통,69,보통,31,보통,23,좋음,0.0008,보통,0.0383,좋음,0.73,좋음,0.0014
2024-10-11:02,이산화질소,보통,70,좋음,30,보통,21,좋음,0.0009,보통,0.0419,좋음,0.8,좋음,0.0015
2024-10-11:01,이산화질소,보통,75,좋음,30,보통,20,좋음,0.0014,보통,0.0448,좋음,0.78,좋음,0.0015
2024-10-10:24,이산화질소,보통,77,보통,31,보통,19,좋음,0.004,보통,0.0462,좋음,0.83,좋음,0.0015
2024-10-10:23,이산화질소,보통,76,좋음,30,보통,19,좋음,0.0089,보통,0.0452,좋음,0.83,좋음,0.0016
2024-10-10:22,이산화질소,보통,77,좋음,28,보통,17,좋음,0.0106,보통,0.0459,좋음,0.78,좋음,0.0015
2024-10-10:21,이산화질소,보통,53,좋음,26,보통,16,보통,0.0319,보통,0.0312,좋음,0.61,좋음,0.0016
2024-10-10:20,오존,좋음,61,좋음,25,좋음,15,보통,0.0424,좋음,0.0229,좋음,0.5,좋음,0.0015
2024-10-10:19,오존,좋음,69,좋음,24,좋음,12,보통,0.0525,좋음,0.0167,좋음,0.47,좋음,0.0016
2024-10-10:18,오존,좋음,76,좋음,22,좋음,10,보통,0.0609,좋음,0.0126,좋음,0.45,좋음,0.0017
2024-10-10:17,오존,좋음,83,좋음,20,좋음,8,보통,0.0692,좋음,0.0097,좋음,0.4,좋음,0.0016
2024-10-10:16,오존,좋음,85,좋음,18,좋음,7,보통,0.0711,좋음,0.0093,좋음,0.41,좋음,0.0015
2024-10-10:15,오존,좋음,79,좋음,16,좋음,6,보통,0.0645,좋음,0.0105,좋음,0.42,좋음,0.0015
2024-10-10:14,오존,좋음,73,좋음,16,좋음,7,보통,0.0576,좋음,0.0094,좋음,0.44,좋음,0.0014
2024-10-10:13,오존,좋음,63,좋음,16,좋음,8,보통,0.0453,좋음,0.0108,좋음,0.44,좋음,0.0014
2024-10-10:12,오존,좋음,58,좋음,18,좋음,9,보통,0.0387,좋음,0.0123,좋음,0.45,좋음,0.0014
2024-10-10:11,오존,좋음,52,좋음,19,좋음,10,보통,0.0316,좋음,0.0143,좋음,0.52,좋음,0.0014
2024-10-10:10,오존,좋음,44,좋음,18,좋음,10,좋음,0.0261,좋음,0.0157,좋음,0.5,좋음,0.0013
2024-10-10:09,PM2.5,좋음,37,좋음,18,좋음,11,좋음,0.0153,좋음,0.0219,좋음,0.54,좋음,0.0014
2024-10-10:08,PM2.5,좋음,37,좋음,17,좋음,11,좋음,0.0129,좋음,0.0217,좋음,0.53,좋음,0.0014
2024-10-10:07,PM2.5,좋음,37,좋음,17,좋음,11,좋음,0.0149,좋음,0.0187,좋음,0.49,좋음,0.0014
2024-10-10:06,PM2.5,좋음,40,좋음,18,좋음,12,좋음,0.022,좋음,0.0118,좋음,0.46,좋음,0.0013
2024-10-10:05,오존,좋음,41,좋음,18,좋음,12,좋음,0.0244,좋음,0.0093,좋음,0.45,좋음,0.0013
2024-10-10:04,오존,좋음,45,좋음,18,좋음,12,좋음,0.0267,좋음,0.0088,좋음,0.45,좋음,0.0013
2024-10-10:03,오존,좋음,53,좋음,18,좋음,12,보통,0.0325,좋음,0.0064,좋음,0.43,좋음,0.0013
2024-10-10:02,오존,좋음,53,좋음,19,좋음,13,보통,0.0324,좋음,0.007,좋음,0.45,좋음,0.0013
2024-10-10:01,오존,좋음,50,좋음,20,좋음,13,좋음,0.0297,좋음,0.0101,좋음,0.49,좋음,0.0013
2024-10-09:24,PM2.5,좋음,50,좋음,22,좋음,15,좋음,0.0291,좋음,0.0132,좋음,0.52,좋음,0.0014
2024-10-09:23,PM2.5,보통,51,좋음,22,보통,16,좋음,0.0236,좋음,0.0194,좋음,0.58,좋음,0.0014
2024-10-09:22,PM2.5,좋음,50,좋음,22,좋음,15,좋음,0.0245,좋음,0.0207,좋음,0.54,좋음,0.0014
2024-10-09:21,이산화질소,좋음,45,좋음,20,좋음,13,좋음,0.0221,좋음,0.0267,좋음,0.6,좋음,0.0014
2024-10-09:20,이산화질소,좋음,58,좋음,16,좋음,12,좋음,0.0183,보통,0.0343,좋음,0.71,좋음,0.0014
2024-10-09:19,오존,좋음,59,좋음,12,좋음,10,보통,0.0393,좋음,0.0188,좋음,0.5,좋음,0.0014
2024-10-09:18,오존,좋음,69,좋음,10,좋음,7,보통,0.0525,좋음,0.0098,좋음,0.41,좋음,0.0013
2024-10-09:17,오존,좋음,71,좋음,9,좋음,5,보통,0.054,좋음,0.0088,좋음,0.39,좋음,0.0013
2024-10-09:16,오존,좋음,71,좋음,8,좋음,5,보통,0.0549,좋음,0.0073,좋음,0.37,좋음,0.0014
2024-10-09:15,오존,좋음,69,좋음,9,좋음,5,보통,0.0523,좋음,0.0075,좋음,0.37,좋음,0.0014
2024-10-09:14,오존,좋음,67,좋음,9,좋음,7,보통,0.0494,좋음,0.0071,좋음,0.39,좋음,0.0013
2024-10-09:13,오존,좋음,64,좋음,10,좋음,7,보통,0.046,좋음,0.0073,좋음,0.42,좋음,0.0013
2024-10-09:12,오존,좋음,57,좋음,11,좋음,7,보통,0.038,좋음,0.0096,좋음,0.45,좋음,0.0013
2024-10-09:11,오존,좋음,53,좋음,10,좋음,6,보통,0.0327,좋음,0.0098,좋음,0.45,좋음,0.0012
2024-10-09:10,오존,좋음,47,좋음,10,좋음,5,좋음,0.0283,좋음,0.0103,좋음,0.45,좋음,0.0012
2024-10-09:09,이산화질소,좋음,33,좋음,9,좋음,5,좋음,0.0151,좋음,0.0196,좋음,0.48,좋음,0.0013
2024-10-09:08,이산화질소,좋음,33,좋음,11,좋음,7,좋음,0.0135,좋음,0.02,좋음,0.47,좋음,0.0012
2024-10-09:07,이산화질소,좋음,28,좋음,13,좋음,8,좋음,0.0156,좋음,0.0167,좋음,0.46,좋음,0.0012
2024-10-09:06,오존,좋음,35,좋음,15,좋음,10,좋음,0.0212,좋음,0.0113,좋음,0.45,좋음,0.0012
2024-10-09:05,오존,좋음,36,좋음,16,좋음,10,좋음,0.0215,좋음,0.0111,좋음,0.46,좋음,0.0012
2024-10-09:04,PM2.5,좋음,33,좋음,16,좋음,10,좋음,0.0187,좋음,0.0132,좋음,0.47,좋음,0.0013
2024-10-09:03,PM2.5,좋음,33,좋음,17,좋음,10,좋음,0.0189,좋음,0.0135,좋음,0.47,좋음,0.0013
2024-10-09:02,PM2.5,좋음,33,좋음,17,좋음,10,좋음,0.018,좋음,0.0148,좋음,0.49,좋음,0.0013
2024-10-09:01,PM2.5,좋음,37,좋음,20,좋음,11,좋음,0.0206,좋음,0.0132,좋음,0.48,좋음,0.0013
2024-10-08:24,PM2.5,보통,54,좋음,28,보통,17,좋음,0.0203,좋음,0.0133,좋음,0.48,좋음,0.0013
2024-10-08:23,PM2.5,보통,69,보통,38,보통,23,좋음,0.0187,좋음,0.0153,좋음,0.5,좋음,0.0014
2024-10-08:22,PM2.5,보통,87,보통,45,보통,30,좋음,0.0157,좋음,0.0212,좋음,0.54,좋음,0.0014
2024-10-08:21,PM2.5,보통,100,보통,49,보통,35,좋음,0.0229,좋음,0.019,좋음,0.54,좋음,0.0014
2024-10-08:20,PM2.5,보통,92,보통,45,보통,32,보통,0.0314,보통,0.0377,좋음,0.84,좋음,0.002
2024-10-08:19,PM2.5,보통,79,보통,37,보통,27,보통,0.0547,좋음,0.027,좋음,0.72,좋음,0.0022
2024-10-08:18,오존,보통,70,보통,32,보통,20,보통,0.0538,좋음,0.0214,좋음,0.5,좋음,0.0016
2024-10-08:17,오존,보통,76,보통,33,보통,22,보통,0.061,좋음,0.0154,좋음,0.43,좋음,0.0016
2024-10-08:16,오존,보통,77,보통,36,보통,24,보통,0.0615,좋음,0.0136,좋음,0.42,좋음,0.0017
2024-10-08:15,PM2.5,보통,79,보통,40,보통,27,보통,0.0524,좋음,0.0154,좋음,0.47,좋음,0.0016
2024-10-08:14,PM2.5,보통,85,보통,45,보통,29,보통,0.0437,좋음,0.0165,좋음,0.55,좋음,0.0016
2024-10-08:13,PM2.5,보통,87,보통,47,보통,30,보통,0.041,좋음,0.0162,좋음,0.61,좋음,0.0017
2024-10-08:12,PM2.5,보통,90,보통,48,보통,31,보통,0.0349,좋음,0.0173,좋음,0.66,좋음,0.0017
2024-10-08:11,PM2.5,보통,90,보통,48,보통,31,좋음,0.0216,좋음,0.0208,좋음,0.68,좋음,0.0017
2024-10-08:10,PM2.5,보통,90,보통,47,보통,31,좋음,0.0075,좋음,0.0288,좋음,0.78,좋음,0.0017
2024-10-08:09,PM2.5,보통,87,보통,46,보통,30,좋음,0.0033,보통,0.0311,좋음,0.84,좋음,0.0017
2024-10-08:08,PM2.5,보통,87,보통,47,보통,30,좋음,0.0015,좋음,0.029,좋음,0.85,좋음,0.0017
2024-10-08:07,PM2.5,보통,87,보통,48,보통,30,좋음,0.0008,좋음,0.0291,좋음,0.83,좋음,0.0016
2024-10-08:06,PM2.5,보통,92,보통,50,보통,32,좋음,0.0008,보통,0.0308,좋음,0.83,좋음,0.0016
2024-10-08:05,PM2.5,보통,92,보통,52,보통,32,좋음,0.0008,보통,0.0336,좋음,0.82,좋음,0.0016
2024-10-08:04,PM2.5,보통,92,보통,52,보통,32,좋음,0.0008,보통,0.0351,좋음,0.84,좋음,0.0016
2024-10-08:03,PM2.5,보통,92,보통,51,보통,32,좋음,0.0012,보통,0.0365,좋음,0.85,좋음,0.0016
2024-10-08:02,PM2.5,보통,87,보통,51,보통,30,좋음,0.001,보통,0.0381,좋음,0.89,좋음,0.0016
2024-10-08:01,PM2.5,보통,85,보통,50,보통,29,좋음,0.0011,보통,0.042,좋음,0.93,좋음,0.0016
2024-10-07:24,PM2.5,보통,85,보통,53,보통,29,좋음,0.0012,보통,0.0444,좋음,0.95,좋음,0.0016
2024-10-07:23,PM2.5,보통,85,보통,54,보통,29,좋음,0.0042,보통,0.0456,좋음,0.94,좋음,0.0017
2024-10-07:22,PM2.5,보통,85,보통,54,보통,29,좋음,0.0216,보통,0.0329,좋음,0.77,좋음,0.0019
2024-10-07:21,PM2.5,보통,85,보통,53,보통,29,보통,0.0312,좋음,0.0283,좋음,0.71,좋음,0.0021
2024-10-07:20,PM2.5,보통,79,보통,51,보통,27,보통,0.0378,좋음,0.0272,좋음,0.65,좋음,0.0021
2024-10-07:19,PM2.5,보통,77,보통,48,보통,26,보통,0.0384,보통,0.031,좋음,0.58,좋음,0.0019
2024-10-07:18,PM2.5,보통,72,보통,44,보통,24,보통,0.0484,좋음,0.0258,좋음,0.54,좋음,0.0022
2024-10-07:17,오존,보통,75,보통,40,보통,23,보통,0.0598,좋음,0.0222,좋음,0.54,좋음,0.0025
2024-10-07:16,오존,보통,75,보통,36,보통,22,보통,0.0599,좋음,0.0253,좋음,0.53,좋음,0.0024
2024-10-07:15,오존,보통,70,보통,36,보통,21,보통,0.0534,좋음,0.027,좋음,0.53,좋음,0.0023
2024-10-07:14,오존,보통,76,보통,36,보통,22,보통,0.0607,좋음,0.0195,좋음,0.53,좋음,0.0021
2024-10-07:13,PM2.5,보통,69,보통,37,보통,23,보통,0.0497,좋음,0.023,좋음,0.58,좋음,0.0022
2024-10-07:12,PM2.5,보통,66,보통,35,보통,22,보통,0.037,좋음,0.0267,좋음,0.64,좋음,0.0019
2024-10-07:11,PM2.5,보통,64,보통,31,보통,21,좋음,0.0137,보통,0.0358,좋음,0.75,좋음,0.0019
2024-10-07:10,PM2.5,보통,59,좋음,27,보통,19,좋음,0.0047,보통,0.0348,좋음,0.83,좋음,0.0019
2024-10-07:09,이산화질소,보통,57,좋음,24,보통,17,좋음,0.0032,보통,0.034,좋음,0.79,좋음,0.0018
2024-10-07:08,PM2.5,보통,54,좋음,23,보통,17,좋음,0.0021,보통,0.0318,좋음,0.69,좋음,0.0015
2024-10-07:07,PM2.5,보통,54,좋음,24,보통,17,좋음,0.0019,좋음,0.03,좋음,0.68,좋음,0.0015
2024-10-07:06,PM2.5,보통,56,좋음,24,보통,18,좋음,0.0017,좋음,0.027,좋음,0.68,좋음,0.0014
2024-10-07:05,PM2.5,보통,59,좋음,25,보통,19,좋음,0.0007,좋음,0.0266,좋음,0.72,좋음,0.0015
2024-10-07:04,PM2.5,보통,59,좋음,25,보통,19,좋음,0.0007,좋음,0.0279,좋음,0.73,좋음,0.0015
2024-10-07:03,PM2.5,보통,56,좋음,23,보통,18,좋음,0.001,좋음,0.0295,좋음,0.72,좋음,0.0015
2024-10-07:02,PM2.5,보통,51,좋음,21,보통,16,좋음,0.0008,좋음,0.0294,좋음,0.72,좋음,0.0014
2024-10-07:01,이산화질소,좋음,55,좋음,20,좋음,15,좋음,0.0032,보통,0.0324,좋음,0.71,좋음,0.0015
2024-10-06:24,이산화질소,좋음,53,좋음,19,좋음,14,좋음,0.0026,보통,0.0316,좋음,0.69,좋음,0.0014
2024-10-06:23,이산화질소,좋음,45,좋음,18,좋음,13,좋음,0.0025,좋음,0.0269,좋음,0.64,좋음,0.0013
2024-10-06:22,PM2.5,좋음,43,좋음,19,좋음,13,좋음,0.0049,좋음,0.0253,좋음,0.62,좋음,0.0013
2024-10-06:21,이산화질소,좋음,45,좋음,18,좋음,13,좋음,0.006,좋음,0.0267,좋음,0.65,좋음,0.0013
2024-10-06:20,이산화질소,좋음,52,좋음,17,좋음,10,좋음,0.0043,보통,0.0306,좋음,0.69,좋음,0.0013
2024-10-06:19,이산화질소,좋음,38,좋음,15,좋음,9,좋음,0.0148,좋음,0.0229,좋음,0.62,좋음,0.0013
2024-10-06:18,오존,좋음,39,좋음,13,좋음,8,좋음,0.0235,좋음,0.0201,좋음,0.58,좋음,0.0015
2024-10-06:17,오존,좋음,42,좋음,13,좋음,8,좋음,0.0252,좋음,0.0165,좋음,0.57,좋음,0.0014
2024-10-06:16,오존,좋음,34,좋음,13,좋음,8,좋음,0.0202,좋음,0.0179,좋음,0.57,좋음,0.0013
2024-10-06:15,오존,좋음,38,좋음,13,좋음,9,좋음,0.0229,좋음,0.0124,좋음,0.51,좋음,0.0013
2024-10-06:14,PM2.5,좋음,33,좋음,15,좋음,10,좋음,0.0196,좋음,0.0132,좋음,0.53,좋음,0.0013
2024-10-06:13,PM2.5,좋음,37,좋음,17,좋음,11,좋음,0.0163,좋음,0.0157,좋음,0.53,좋음,0.0012
2024-10-06:12,PM2.5,좋음,37,좋음,18,좋음,11,좋음,0.0177,좋음,0.015,좋음,0.51,좋음,0.0013
2024-10-06:11,PM2.5,좋음,40,좋음,18,좋음,12,좋음,0.0156,좋음,0.018,좋음,0.52,좋음,0.0014
2024-10-06:10,PM2.5,좋음,40,좋음,19,좋음,12,좋음,0.0158,좋음,0.0167,좋음,0.5,좋음,0.0013
2024-10-06:09,PM2.5,좋음,40,좋음,19,좋음,12,좋음,0.0165,좋음,0.0173,좋음,0.49,좋음,0.0012
2024-10-06:08,PM2.5,좋음,50,좋음,19,좋음,15,좋음,0.0213,좋음,0.0138,좋음,0.46,좋음,0.0012
2024-10-06:07,PM2.5,보통,51,좋음,21,보통,16,좋음,0.0218,좋음,0.0124,좋음,0.45,좋음,0.0012
2024-10-06:06,PM2.5,보통,54,좋음,23,보통,17,좋음,0.0221,좋음,0.0129,좋음,0.46,좋음,0.0012
2024-10-06:05,PM2.5,보통,61,좋음,25,보통,20,좋음,0.022,좋음,0.0146,좋음,0.48,좋음,0.0012
2024-10-06:04,PM2.5,보통,61,좋음,25,보통,20,좋음,0.019,좋음,0.0194,좋음,0.51,좋음,0.0013
2024-10-06:03,PM2.5,보통,61,좋음,25,보통,20,좋음,0.0103,좋음,0.0285,좋음,0.59,좋음,0.0012
2024-10-06:02,PM2.5,보통,59,좋음,24,보통,19,좋음,0.0171,좋음,0.0272,좋음,0.59,좋음,0.0014
2024-10-06:01,PM2.5,보통,59,좋음,24,보통,19,좋음,0.0179,좋음,0.0298,좋음,0.6,좋음,0.0015
2024-10-05:24,PM2.5,보통,56,좋음,24,보통,18,좋음,0.023,좋음,0.0283,좋음,0.58,좋음,0.0014
2024-10-05:23,PM2.5,보통,56,좋음,23,보통,18,좋음,0.0254,좋음,0.0288,좋음,0.59,좋음,0.0013
2024-10-05:22,이산화질소,보통,59,좋음,22,보통,17,좋음,0.0212,보통,0.0347,좋음,0.62,좋음,0.0014
2024-10-05:21,오존,좋음,51,좋음,19,좋음,15,보통,0.0307,좋음,0.0279,좋음,0.59,좋음,0.0013
2024-10-05:20,오존,좋음,59,좋음,15,좋음,11,보통,0.0402,좋음,0.0261,좋음,0.51,좋음,0.0013
2024-10-05:19,오존,좋음,70,좋음,13,좋음,8,보통,0.0538,좋음,0.0199,좋음,0.43,좋음,0.0014
2024-10-05:18,오존,좋음,80,좋음,10,좋음,6,보통,0.065,좋음,0.0145,좋음,0.36,좋음,0.0013
2024-10-05:17,오존,좋음,84,좋음,9,좋음,5,보통,0.0702,좋음,0.0115,좋음,0.37,좋음,0.0013
2024-10-05:16,오존,좋음,82,좋음,9,좋음,5,보통,0.0678,좋음,0.0101,좋음,0.31,좋음,0.0012
2024-10-05:15,오존,좋음,77,좋음,10,좋음,6,보통,0.0614,좋음,0.0096,좋음,0.35,좋음,0.0012
2024-10-05:14,오존,좋음,71,좋음,12,좋음,8,보통,0.054,좋음,0.0108,좋음,0.39,좋음,0.0012
2024-10-05:13,오존,좋음,66,좋음,13,좋음,10,보통,0.0489,좋음,0.0093,좋음,0.38,좋음,0.0012
2024-10-05:12,,,,좋음,15,,,보통,0.0458,좋음,0.0082,좋음,0.39,좋음,0.0013
2024-10-05:11,,,,좋음,16,,,좋음,0.0258,좋음,0.0141,좋음,0.45,좋음,0.0013
2024-10-05:10,,,,좋음,16,,,좋음,0.0163,좋음,0.0183,좋음,0.46,좋음,0.0013
2024-10-05:09,PM2.5,좋음,40,좋음,18,좋음,12,좋음,0.0101,좋음,0.0237,좋음,0.47,좋음,0.0014
2024-10-05:08,PM2.5,좋음,43,좋음,20,좋음,13,좋음,0.0081,좋음,0.0248,좋음,0.46,좋음,0.0013
2024-10-05:07,PM2.5,좋음,50,좋음,22,좋음,15,좋음,0.0072,좋음,0.025,좋음,0.45,좋음,0.0013
2024-10-05:06,PM2.5,보통,51,좋음,24,보통,16,좋음,0.0128,좋음,0.02,좋음,0.44,좋음,0.0014
2024-10-05:05,PM2.5,보통,56,좋음,25,보통,18,좋음,0.0107,좋음,0.0234,좋음,0.45,좋음,0.0013
2024-10-05:04,PM2.5,보통,59,좋음,26,보통,19,좋음,0.0097,좋음,0.026,좋음,0.48,좋음,0.0013
2024-10-05:03,PM2.5,보통,61,좋음,27,보통,20,좋음,0.0028,보통,0.0347,좋음,0.56,좋음,0.0014
2024-10-05:02,이산화질소,보통,65,좋음,27,보통,19,좋음,0.0016,보통,0.0389,좋음,0.61,좋음,0.0014
2024-10-05:01,이산화질소,보통,63,좋음,27,보통,18,좋음,0.0055,보통,0.0373,좋음,0.58,좋음,0.0014
2024-10-04:24,이산화질소,보통,76,좋음,27,보통,17,좋음,0.0017,보통,0.0456,좋음,0.66,좋음,0.0015
2024-10-04:23,이산화질소,보통,79,좋음,25,보통,16,좋음,0.0014,보통,0.0472,좋음,0.73,좋음,0.0015
2024-10-04:22,이산화질소,좋음,67,좋음,23,좋음,15,좋음,0.0085,보통,0.0397,좋음,0.65,좋음,0.0016
2024-10-04:21,오존,좋음,45,좋음,21,좋음,13,좋음,0.0267,좋음,0.0236,좋음,0.44,좋음,0.0017
2024-10-04:20,이산화질소,좋음,53,좋음,19,좋음,11,좋음,0.0249,보통,0.0311,좋음,0.46,좋음,0.0018
2024-10-04:19,,,,,,,,보통,0.0414,좋음,0.0231,좋음,0.36,좋음,0.0018
2024-10-04:18,,,,,,,,보통,0.0455,좋음,0.0184,좋음,0.33,좋음,0.0015
2024-10-04:17,,,,,,,,,,,,,,,
2024-10-04:16,,좋음,,좋음,7,좋음,3,,,,,,,,
2024-10-04:15,오존,좋음,68,좋음,8,좋음,4,보통,0.0508,좋음,0.0085,좋음,0.35,좋음,0.0015
2024-10-04:14,오존,좋음,63,좋음,10,좋음,5,보통,0.0453,좋음,0.0076,좋음,0.4,좋음,0.0015
2024-10-04:13,오존,좋음,59,좋음,12,좋음,7,보통,0.0403,좋음,0.0066,좋음,0.41,좋음,0.0015
2024-10-04:12,오존,좋음,53,좋음,14,좋음,8,보통,0.0329,좋음,0.008,좋음,0.44,좋음,0.0014
2024-10-04:11,오존,좋음,39,좋음,15,좋음,8,좋음,0.0231,좋음,0.0129,좋음,0.48,좋음,0.0013
2024-10-04:10,이산화질소,좋음,35,좋음,14,좋음,8,좋음,0.0106,좋음,0.0211,좋음,0.55,좋음,0.0014
2024-10-04:09,이산화질소,좋음,37,좋음,13,좋음,8,좋음,0.0063,좋음,0.0223,좋음,0.55,좋음,0.0015
2024-10-04:08,이산화질소,좋음,34,좋음,13,좋음,8,좋음,0.0046,좋음,0.0203,좋음,0.53,좋음,0.0014
2024-10-04:07,이산화질소,좋음,38,좋음,14,좋음,9,좋음,0.0018,좋음,0.0225,좋음,0.52,좋음,0.0014
2024-10-04:06,이산화질소,좋음,31,좋음,14,좋음,9,좋음,0.0049,좋음,0.0187,좋음,0.51,좋음,0.0013
2024-10-04:05,PM2.5,좋음,30,좋음,15,좋음,9,좋음,0.0061,좋음,0.0179,좋음,0.51,좋음,0.0012
2024-10-04:04,이산화질소,좋음,33,좋음,16,좋음,8,좋음,0.0044,좋음,0.02,좋음,0.52,좋음,0.0012
2024-10-04:03,PM2.5,좋음,30,좋음,16,좋음,9,좋음,0.0107,좋음,0.0152,좋음,0.5,좋음,0.0012
2024-10-04:02,PM2.5,좋음,30,좋음,16,좋음,9,좋음,0.0105,좋음,0.0169,좋음,0.5,좋음,0.0012
2024-10-04:01,이산화질소,좋음,34,좋음,15,좋음,8,좋음,0.0076,좋음,0.0205,좋음,0.54,좋음,0.0012
2024-10-03:24,이산화질소,좋음,41,좋음,14,좋음,9,좋음,0.0042,좋음,0.0247,좋음,0.59,좋음,0.0013
2024-10-03:23,이산화질소,좋음,43,좋음,14,좋음,9,좋음,0.0051,좋음,0.026,좋음,0.63,좋음,0.0012
2024-10-03:22,PM2.5,좋음,30,좋음,15,좋음,9,좋음,0.0163,좋음,0.0173,좋음,0.56,좋음,0.0012
2024-10-03:21,오존,좋음,35,좋음,16,좋음,10,좋음,0.0212,좋음,0.0141,좋음,0.52,좋음,0.0012
2024-10-03:20,오존,좋음,39,좋음,14,좋음,10,좋음,0.0231,좋음,0.0133,좋음,0.54,좋음,0.0012
2024-10-03:19,오존,좋음,43,좋음,13,좋음,9,좋음,0.026,좋음,0.01,좋음,0.48,좋음,0.0012
2024-10-03:18,오존,좋음,45,좋음,11,좋음,6,좋음,0.0268,좋음,0.0126,좋음,0.48,좋음,0.0013
2024-10-03:17,오존,좋음,53,좋음,9,좋음,5,보통,0.0329,좋음,0.0105,좋음,0.4,좋음,0.0012
2024-10-03:16,오존,좋음,57,좋음,10,좋음,4,보통,0.0378,좋음,0.0084,좋음,0.37,좋음,0.0013
2024-10-03:15,오존,좋음,62,좋음,9,좋음,4,보통,0.0435,좋음,0.0059,좋음,0.36,좋음,0.0012
2024-10-03:14,오존,좋음,61,좋음,10,좋음,5,보통,0.0423,좋음,0.0068,좋음,0.39,좋음,0.0011
2024-10-03:13,오존,좋음,61,좋음,12,좋음,6,보통,0.0422,좋음,0.0049,좋음,0.4,좋음,0.0012
2024-10-03:12,오존,좋음,57,좋음,14,좋음,7,보통,0.0375,좋음,0.0056,좋음,0.42,좋음,0.0011
2024-10-03:11,오존,좋음,54,좋음,16,좋음,8,보통,0.0339,좋음,0.005,좋음,0.42,좋음,0.0011
2024-10-03:10,오존,좋음,43,좋음,16,좋음,9,좋음,0.0258,좋음,0.0087,좋음,0.43,좋음,0.0011
2024-10-03:09,PM2.5,좋음,33,좋음,17,좋음,10,좋음,0.0161,좋음,0.0144,좋음,0.46,좋음,0.0013
2024-10-03:08,PM2.5,좋음,40,좋음,18,좋음,12,좋음,0.0108,좋음,0.0169,좋음,0.47,좋음,0.0013
2024-10-03:07,PM2.5,좋음,40,좋음,19,좋음,12,좋음,0.0081,좋음,0.0191,좋음,0.47,좋음,0.0012
2024-10-03:06,PM2.5,좋음,43,좋음,20,좋음,13,좋음,0.0077,좋음,0.02,좋음,0.48,좋음,0.0013
2024-10-03:05,PM2.5,좋음,43,좋음,21,좋음,13,좋음,0.0108,좋음,0.0175,좋음,0.47,좋음,0.0015
2024-10-03:04,PM2.5,좋음,40,좋음,22,좋음,12,좋음,0.0129,좋음,0.0173,좋음,0.47,좋음,0.0015
2024-10-03:03,PM2.5,좋음,40,좋음,21,좋음,12,좋음,0.0127,좋음,0.0201,좋음,0.48,좋음,0.0014
2024-10-03:02,이산화질소,좋음,39,좋음,20,좋음,11,좋음,0.011,좋음,0.0234,좋음,0.5,좋음,0.0015
2024-10-03:01,이산화질소,좋음,43,좋음,19,좋음,10,좋음,0.0105,좋음,0.0255,좋음,0.52,좋음,0.0014
2024-10-02:24,이산화질소,좋음,41,좋음,17,좋음,11,좋음,0.0132,좋음,0.0244,좋음,0.51,좋음,0.0014
2024-10-02:23,PM2.5,좋음,37,좋음,17,좋음,11,좋음,0.0183,좋음,0.0206,좋음,0.49,좋음,0.0013
2024-10-02:22,오존,좋음,40,좋음,17,좋음,11,좋음,0.0241,좋음,0.0172,좋음,0.46,좋음,0.0013
2024-10-02:21,오존,좋음,52,좋음,17,좋음,11,보통,0.0308,좋음,0.0127,좋음,0.42,좋음,0.0014
2024-10-02:20,오존,좋음,54,좋음,17,좋음,10,보통,0.0337,좋음,0.0118,좋음,0.41,좋음,0.0014
2024-10-02:19,오존,좋음,57,좋음,14,좋음,8,보통,0.0371,좋음,0.0121,좋음,0.38,좋음,0.0014
2024-10-02:18,오존,좋음,62,좋음,12,좋음,6,보통,0.0435,좋음,0.0087,좋음,0.31,좋음,0.0013
2024-10-02:17,오존,좋음,67,좋음,10,좋음,4,보통,0.0495,좋음,0.0077,좋음,0.28,좋음,0.0013
2024-10-02:16,오존,좋음,69,좋음,10,좋음,4,보통,0.0519,좋음,0.007,좋음,0.29,좋음,0.0013
2024-10-02:15,오존,좋음,67,좋음,11,좋음,4,보통,0.0501,좋음,0.0068,좋음,0.34,좋음,0.0013
2024-10-02:14,오존,좋음,63,좋음,12,좋음,5,보통,0.0446,좋음,0.0074,좋음,0.37,좋음,0.0014
2024-10-02:13,오존,좋음,58,좋음,13,좋음,6,보통,0.039,좋음,0.0078,좋음,0.39,좋음,0.0013
2024-10-02:12,오존,좋음,56,좋음,15,좋음,7,보통,0.0362,좋음,0.0075,좋음,0.4,좋음,0.0013
2024-10-02:11,오존,좋음,54,좋음,16,좋음,8,보통,0.0333,좋음,0.0079,좋음,0.42,좋음,0.0013
2024-10-02:10,오존,좋음,44,좋음,15,좋음,8,좋음,0.0266,좋음,0.0122,좋음,0.46,좋음,0.0013
2024-10-02:09,오존,좋음,45,좋음,15,좋음,7,좋음,0.0267,좋음,0.0118,좋음,0.48,좋음,0.0014
2024-10-02:08,오존,좋음,45,좋음,13,좋음,8,좋음,0.027,좋음,0.0109,좋음,0.45,좋음,0.0014
2024-10-02:07,오존,좋음,48,좋음,14,좋음,8,좋음,0.0288,좋음,0.0083,좋음,0.42,좋음,0.0015
2024-10-02:06,오존,좋음,52,좋음,15,좋음,8,보통,0.031,좋음,0.0061,좋음,0.42,좋음,0.0016
2024-10-02:05,오존,좋음,55,좋음,16,좋음,9,보통,0.0346,좋음,0.0047,좋음,0.43,좋음,0.0016
2024-10-02:04,오존,좋음,52,좋음,17,좋음,8,보통,0.0312,좋음,0.0073,좋음,0.45,좋음,0.0016
2024-10-02:03,오존,좋음,52,좋음,17,좋음,8,보통,0.0312,좋음,0.0069,좋음,0.47,좋음,0.0015
2024-10-02:02,오존,좋음,55,좋음,15,좋음,8,보통,0.0345,좋음,0.0069,좋음,0.46,좋음,0.0016
2024-10-02:01,오존,좋음,58,좋음,14,좋음,7,보통,0.0388,좋음,0.0045,좋음,0.44,좋음,0.0016
2024-10-01:24,오존,좋음,58,좋음,13,좋음,8,보통,0.0385,좋음,0.005,좋음,0.43,좋음,0.0016
2024-10-01:23,오존,좋음,58,좋음,17,좋음,9,보통,0.0384,좋음,0.0052,좋음,0.42,좋음,0.0016
2024-10-01:22,오존,좋음,57,좋음,17,좋음,10,보통,0.0377,좋음,0.0065,좋음,0.41,좋음,0.0017
2024-10-01:21,오존,좋음,57,좋음,20,좋음,10,보통,0.037,좋음,0.0073,좋음,0.41,좋음,0.0016
2024-10-01:20,오존,좋음,55,좋음,22,좋음,9,보통,0.0347,좋음,0.0103,좋음,0.42,좋음,0.0017
2024-10-01:19,오존,좋음,57,좋음,17,좋음,7,보통,0.0374,좋음,0.0099,좋음,0.38,좋음,0.0018
2024-10-01:18,오존,좋음,60,좋음,17,좋음,8,보통,0.0405,좋음,0.0081,좋음,0.37,좋음,0.0019
2024-10-01:17,오존,좋음,62,좋음,15,좋음,7,보통,0.0432,좋음,0.0076,좋음,0.37,좋음,0.0019
2024-10-01:16,오존,좋음,62,좋음,13,좋음,7,보통,0.0433,좋음,0.0082,좋음,0.38,좋음,0.0019
2024-10-01:15,오존,좋음,63,좋음,14,좋음,9,보통,0.0451,좋음,0.0078,좋음,0.39,좋음,0.002
2024-10-01:14,오존,좋음,62,좋음,17,좋음,10,보통,0.0441,좋음,0.0078,좋음,0.47,좋음,0.0019
2024-10-01:13,오존,좋음,61,좋음,18,좋음,12,보통,0.0429,좋음,0.0072,좋음,0.44,좋음,0.0017
2024-10-01:12,오존,좋음,57,좋음,18,좋음,12,보통,0.0377,좋음,0.0081,좋음,0.48,좋음,0.0017
2024-10-01:11,오존,좋음,41,좋음,18,좋음,12,좋음,0.0246,좋음,0.0147,좋음,0.58,좋음,0.0019
2024-10-01:10,PM2.5,좋음,40,좋음,18,좋음,12,좋음,0.0208,좋음,0.017,좋음,0.59,좋음,0.0017
2024-10-01:09,PM2.5,좋음,43,좋음,19,좋음,13,좋음,0.0258,좋음,0.0155,좋음,0.5,좋음,0.0018
2024-10-01:08,PM2.5,좋음,50,좋음,21,좋음,15,좋음,0.0149,좋음,0.0216,좋음,0.52,좋음,0.0019
2024-10-01:07,PM2.5,좋음,50,좋음,22,좋음,15,좋음,0.0217,좋음,0.0171,좋음,0.47,좋음,0.002
2024-10-01:06,PM2.5,좋음,50,좋음,22,좋음,15,좋음,0.019,좋음,0.0191,좋음,0.47,좋음,0.0022
2024-10-01:05,PM2.5,좋음,50,좋음,22,좋음,15,좋음,0.0188,좋음,0.019,좋음,0.48,좋음,0.0022
2024-10-01:04,PM2.5,좋음,47,좋음,20,좋음,14,좋음,0.0224,좋음,0.0173,좋음,0.48,좋음,0.0023
2024-10-01:03,오존,좋음,46,좋음,18,좋음,13,좋음,0.0274,좋음,0.015,좋음,0.48,좋음,0.0022
2024-10-01:02,오존,좋음,46,좋음,16,좋음,11,좋음,0.0273,좋음,0.0193,좋음,0.52,좋음,0.0023
2024-10-01:01,오존,좋음,53,좋음,15,좋음,9,보통,0.0322,좋음,0.0177,좋음,0.51,좋음,0.0022
